"match_id","season_id","balls_per_over","city","match_date","event_name","match_number","gender","match_type","format","overs","season","team_type","venue","toss_winner","team1","team2","toss_decision","match_winner","win_by_runs","win_by_wickets","result","player_of_match"
335982,2008,6,"Bangalore","2008-04-18","Indian Premier League",1,"male","T20","T20",20,"2008","club","M Chinnaswamy Stadium",1,1,6,"field",6,140,NULL,"win",46
1082591,2017,6,"Hyderabad","2017-04-05","Indian Premier League",1,"male","T20","T20",20,"2017","club","Rajiv Gandhi International Stadium, Uppal",1,2,1,"field",2,35,NULL,"win",15
1082592,2017,6,"Pune","2017-04-06","Indian Premier League",2,"male","T20","T20",20,"2017","club","Maharashtra Cricket Association Stadium",4,4,3,"field",4,NULL,7,"win",36
1082593,2017,6,"Rajkot","2017-04-07","Indian Premier League",3,"male","T20","T20",20,"2017","club","Saurashtra Cricket Association Stadium",6,5,6,"field",6,NULL,10,"win",57
1082594,2017,6,"Indore","2017-04-08","Indian Premier League",4,"male","T20","T20",20,"2017","club","Holkar Cricket Stadium",494,494,4,"field",494,NULL,6,"win",71
1082595,2017,6,"Bengaluru","2017-04-08","Indian Premier League",5,"male","T20","T20",20,"2017","club","M.Chinnaswamy Stadium",1,1,252,"bat",1,15,NULL,"win",4
1082596,2017,6,"Hyderabad","2017-04-09","Indian Premier League",6,"male","T20","T20",20,"2017","club","Rajiv Gandhi International Stadium, Uppal",2,2,5,"field",2,NULL,9,"win",22
1082597,2017,6,"Mumbai","2017-04-09","Indian Premier League",7,"male","T20","T20",20,"2017","club","Wankhede Stadium",3,3,6,"field",3,NULL,4,"win",26
1082598,2017,6,"Indore","2017-04-10","Indian Premier League",8,"male","T20","T20",20,"2017","club","Holkar Cricket Stadium",1,494,1,"bat",494,NULL,8,"win",70
1082599,2017,6,"Pune","2017-04-11","Indian Premier League",9,"male","T20","T20",20,"2017","club","Maharashtra Cricket Association Stadium",4,4,252,"field",252,97,NULL,"win",180
1082600,2017,6,"Mumbai","2017-04-12","Indian Premier League",10,"male","T20","T20",20,"2017","club","Wankhede Stadium",3,3,2,"field",3,NULL,4,"win",33
1082601,2017,6,"Kolkata","2017-04-13","Indian Premier League",11,"male","T20","T20",20,"2017","club","Eden Gardens",6,6,494,"field",6,NULL,8,"win",65
1082602,2017,6,"Bangalore","2017-04-14","Indian Premier League",12,"male","T20","T20",20,"2017","club","M Chinnaswamy Stadium",3,1,3,"field",3,NULL,4,"win",29
1082603,2017,6,"Rajkot","2017-04-14","Indian Premier League",13,"male","T20","T20",20,"2017","club","Saurashtra Cricket Association Stadium",5,5,4,"field",5,NULL,7,"win",351
1082604,2017,6,"Kolkata","2017-04-15","Indian Premier League",14,"male","T20","T20",20,"2017","club","Eden Gardens",2,6,2,"field",6,17,NULL,"win",58
1082605,2017,6,"Delhi","2017-04-15","Indian Premier League",15,"male","T20","T20",20,"2017","club","Feroz Shah Kotla",252,252,494,"bat",252,51,NULL,"win",258
1082606,2017,6,"Mumbai","2017-04-16","Indian Premier League",16,"male","T20","T20",20,"2017","club","Wankhede Stadium",3,3,5,"field",3,NULL,6,"win",26
1082607,2017,6,"Bangalore","2017-04-16","Indian Premier League",17,"male","T20","T20",20,"2017","club","M Chinnaswamy Stadium",1,1,4,"field",4,27,NULL,"win",37
1082608,2017,6,"Delhi","2017-04-17","Indian Premier League",18,"male","T20","T20",20,"2017","club","Feroz Shah Kotla",252,252,6,"bat",6,NULL,4,"win",471
1082609,2017,6,"Hyderabad","2017-04-17","Indian Premier League",19,"male","T20","T20",20,"2017","club","Rajiv Gandhi International Stadium, Uppal",494,2,494,"field",2,5,NULL,"win",20
1082610,2017,6,"Rajkot","2017-04-18","Indian Premier League",20,"male","T20","T20",20,"2017","club","Saurashtra Cricket Association Stadium",5,5,1,"field",1,21,NULL,"win",1
1082611,2017,6,"Hyderabad","2017-04-19","Indian Premier League",21,"male","T20","T20",20,"2017","club","Rajiv Gandhi International Stadium, Uppal",2,2,252,"bat",2,15,NULL,"win",531
1082612,2017,6,"Indore","2017-04-20","Indian Premier League",22,"male","T20","T20",20,"2017","club","Holkar Cricket Stadium",3,494,3,"field",3,NULL,8,"win",24
1082613,2017,6,"Kolkata","2017-04-21","Indian Premier League",23,"male","T20","T20",20,"2017","club","Eden Gardens",5,6,5,"field",5,NULL,4,"win",47
1082614,2017,6,"Mumbai","2017-04-22","Indian Premier League",25,"male","T20","T20",20,"2017","club","Wankhede Stadium",252,3,252,"field",3,14,NULL,"win",32
1082615,2017,6,"Pune","2017-04-22","Indian Premier League",24,"male","T20","T20",20,"2017","club","Maharashtra Cricket Association Stadium",4,4,2,"field",4,NULL,6,"win",38
1082616,2017,6,"Rajkot","2017-04-23","Indian Premier League",26,"male","T20","T20",20,"2017","club","Saurashtra Cricket Association Stadium",5,5,494,"field",494,26,NULL,"win",67
1082617,2017,6,"Kolkata","2017-04-23","Indian Premier League",27,"male","T20","T20",20,"2017","club","Eden Gardens",1,6,1,"field",6,82,NULL,"win",471
1082618,2017,6,"Mumbai","2017-04-24","Indian Premier League",28,"male","T20","T20",20,"2017","club","Wankhede Stadium",3,3,4,"field",4,3,NULL,"win",37
1082620,2017,6,"Pune","2017-04-26","Indian Premier League",30,"male","T20","T20",20,"2017","club","Maharashtra Cricket Association Stadium",6,4,6,"field",6,NULL,7,"win",58
1082621,2017,6,"Bangalore","2017-04-27","Indian Premier League",31,"male","T20","T20",20,"2017","club","M Chinnaswamy Stadium",5,1,5,"field",5,NULL,7,"win",351
1082622,2017,6,"Kolkata","2017-04-28","Indian Premier League",32,"male","T20","T20",20,"2017","club","Eden Gardens",6,6,252,"field",6,NULL,7,"win",56
1082623,2017,6,"Chandigarh","2017-04-28","Indian Premier League",33,"male","T20","T20",20,"2017","club","Punjab Cricket Association IS Bindra Stadium, Mohali",494,494,2,"field",2,26,NULL,"win",22
1082624,2017,6,"Pune","2017-04-29","Indian Premier League",34,"male","T20","T20",20,"2017","club","Maharashtra Cricket Association Stadium",1,4,1,"field",4,61,NULL,"win",361
1082625,2017,6,"Rajkot","2017-04-29","Indian Premier League",35,"male","T20","T20",20,"2017","club","Saurashtra Cricket Association Stadium",5,5,3,"bat",3,NULL,NULL,"tie",28
1082626,2017,6,"Chandigarh","2017-04-30","Indian Premier League",36,"male","T20","T20",20,"2017","club","Punjab Cricket Association IS Bindra Stadium, Mohali",494,494,252,"field",494,NULL,10,"win",76
1082627,2017,6,"Hyderabad","2017-04-30","Indian Premier League",37,"male","T20","T20",20,"2017","club","Rajiv Gandhi International Stadium, Uppal",6,2,6,"field",2,48,NULL,"win",12
1082628,2017,6,"Mumbai","2017-05-01","Indian Premier League",38,"male","T20","T20",20,"2017","club","Wankhede Stadium",1,3,1,"bat",3,NULL,5,"win",25
1082629,2017,6,"Pune","2017-05-01","Indian Premier League",39,"male","T20","T20",20,"2017","club","Maharashtra Cricket Association Stadium",4,4,5,"field",4,NULL,5,"win",37
1082630,2017,6,"Delhi","2017-05-02","Indian Premier League",40,"male","T20","T20",20,"2017","club","Feroz Shah Kotla",252,252,2,"field",252,NULL,6,"win",460
1082631,2017,6,"Kolkata","2017-05-03","Indian Premier League",41,"male","T20","T20",20,"2017","club","Eden Gardens",4,6,4,"field",4,NULL,4,"win",268
1082632,2017,6,"Delhi","2017-05-04","Indian Premier League",42,"male","T20","T20",20,"2017","club","Feroz Shah Kotla",252,252,5,"field",252,NULL,7,"win",181
1082633,2017,6,"Bangalore","2017-05-05","Indian Premier League",43,"male","T20","T20",20,"2017","club","M Chinnaswamy Stadium",1,1,494,"field",494,19,NULL,"win",76
1082634,2017,6,"Hyderabad","2017-05-06","Indian Premier League",44,"male","T20","T20",20,"2017","club","Rajiv Gandhi International Stadium, Uppal",2,2,4,"field",4,12,NULL,"win",438
1082635,2017,6,"Delhi","2017-05-06","Indian Premier League",45,"male","T20","T20",20,"2017","club","Feroz Shah Kotla",252,252,3,"field",3,146,NULL,"win",1035
1082636,2017,6,"Bangalore","2017-05-07","Indian Premier League",46,"male","T20","T20",20,"2017","club","M Chinnaswamy Stadium",6,1,6,"field",6,NULL,6,"win",65
1082637,2017,6,"Chandigarh","2017-05-07","Indian Premier League",47,"male","T20","T20",20,"2017","club","Punjab Cricket Association IS Bindra Stadium, Mohali",5,494,5,"field",5,NULL,6,"win",50
1082638,2017,6,"Hyderabad","2017-05-08","Indian Premier League",48,"male","T20","T20",20,"2017","club","Rajiv Gandhi International Stadium, Uppal",3,2,3,"bat",2,NULL,7,"win",13
1082639,2017,6,"Chandigarh","2017-05-09","Indian Premier League",49,"male","T20","T20",20,"2017","club","Punjab Cricket Association IS Bindra Stadium, Mohali",6,494,6,"field",494,14,NULL,"win",75
1082640,2017,6,"Kanpur","2017-05-10","Indian Premier League",50,"male","T20","T20",20,"2017","club","Green Park",252,5,252,"field",252,NULL,2,"win",389
1082641,2017,6,"Mumbai","2017-05-11","Indian Premier League",51,"male","T20","T20",20,"2017","club","Wankhede Stadium",3,3,494,"field",494,7,NULL,"win",69
1082642,2017,6,"Delhi","2017-05-12","Indian Premier League",52,"male","T20","T20",20,"2017","club","Feroz Shah Kotla",252,252,4,"bat",252,7,NULL,"win",179
1082643,2017,6,"Kanpur","2017-05-13","Indian Premier League",53,"male","T20","T20",20,"2017","club","Green Park",2,5,2,"field",2,NULL,8,"win",538
1082644,2017,6,"Kolkata","2017-05-13","Indian Premier League",54,"male","T20","T20",20,"2017","club","Eden Gardens",6,6,3,"field",3,9,NULL,"win",27
1082645,2017,6,"Pune","2017-05-14","Indian Premier League",55,"male","T20","T20",20,"2017","club","Maharashtra Cricket Association Stadium",4,4,494,"field",4,NULL,9,"win",438
1082646,2017,6,"Delhi","2017-05-14","Indian Premier League",56,"male","T20","T20",20,"2017","club","Feroz Shah Kotla",1,252,1,"bat",1,10,NULL,"win",1285
1082647,2017,6,"Mumbai","2017-05-16","Indian Premier League",NULL,"male","T20","T20",20,"2017","club","Wankhede Stadium",3,3,4,"field",4,20,NULL,"win",613
1082648,2017,6,"Bangalore","2017-05-17","Indian Premier League",NULL,"male","T20","T20",20,"2017","club","M Chinnaswamy Stadium",6,2,6,"field",6,NULL,7,"win",471
1082649,2017,6,"Bangalore","2017-05-19","Indian Premier League",NULL,"male","T20","T20",20,"2017","club","M Chinnaswamy Stadium",3,3,6,"field",3,NULL,6,"win",676
1082650,2017,6,"Hyderabad","2017-05-21","Indian Premier League",NULL,"male","T20","T20",20,"2017","club","Rajiv Gandhi International Stadium, Uppal",3,3,4,"bat",3,1,NULL,"win",28
1136561,2018,6,"Mumbai","2018-04-07","Indian Premier League",1,"male","T20","T20",20,"2018","club","Wankhede Stadium",129,3,129,"field",129,NULL,1,"win",1393
1136562,2018,6,"Chandigarh","2018-04-08","Indian Premier League",2,"male","T20","T20",20,"2018","club","Punjab Cricket Association IS Bindra Stadium",494,252,494,"field",494,NULL,6,"win",1409
1136563,2018,6,"Kolkata","2018-04-08","Indian Premier League",3,"male","T20","T20",20,"2018","club","Eden Gardens",6,1,6,"field",6,NULL,4,"win",65
1136564,2018,6,"Hyderabad","2018-04-09","Indian Premier League",4,"male","T20","T20",20,"2018","club","Rajiv Gandhi International Stadium",2,134,2,"field",2,NULL,9,"win",13
1136565,2018,6,"Chennai","2018-04-10","Indian Premier League",5,"male","T20","T20",20,"2018","club","MA Chidambaram Stadium",129,6,129,"field",129,NULL,5,"win",178
1136566,2018,6,"Jaipur","2018-04-11","Indian Premier League",6,"male","T20","T20",20,"2018","club","Sawai Mansingh Stadium",252,134,252,"field",134,10,NULL,"win",180
1136567,2018,6,"Hyderabad","2018-04-12","Indian Premier League",7,"male","T20","T20",20,"2018","club","Rajiv Gandhi International Stadium",2,3,2,"field",2,NULL,1,"win",22
1136568,2018,6,"Bengaluru","2018-04-13","Indian Premier League",8,"male","T20","T20",20,"2018","club","M.Chinnaswamy Stadium",1,494,1,"field",1,NULL,4,"win",318
1136569,2018,6,"Mumbai","2018-04-14","Indian Premier League",9,"male","T20","T20",20,"2018","club","Wankhede Stadium",252,3,252,"field",252,NULL,7,"win",45
1136570,2018,6,"Kolkata","2018-04-14","Indian Premier League",10,"male","T20","T20",20,"2018","club","Eden Gardens",2,6,2,"field",2,NULL,5,"win",176
1136571,2018,6,"Bengaluru","2018-04-15","Indian Premier League",11,"male","T20","T20",20,"2018","club","M.Chinnaswamy Stadium",1,134,1,"field",134,19,NULL,"win",180
1136572,2018,6,"Chandigarh","2018-04-15","Indian Premier League",12,"male","T20","T20",20,"2018","club","Punjab Cricket Association IS Bindra Stadium",129,494,129,"field",494,4,NULL,"win",1
1136573,2018,6,"Kolkata","2018-04-16","Indian Premier League",13,"male","T20","T20",20,"2018","club","Eden Gardens",252,6,252,"field",6,71,NULL,"win",26
1136574,2018,6,"Mumbai","2018-04-17","Indian Premier League",14,"male","T20","T20",20,"2018","club","Wankhede Stadium",1,3,1,"field",3,46,NULL,"win",25
1136575,2018,6,"Jaipur","2018-04-18","Indian Premier League",15,"male","T20","T20",20,"2018","club","Sawai Mansingh Stadium",6,134,6,"field",6,NULL,7,"win",26
1136576,2018,6,"Chandigarh","2018-04-19","Indian Premier League",16,"male","T20","T20",20,"2018","club","Punjab Cricket Association IS Bindra Stadium",494,494,2,"bat",494,15,NULL,"win",1
1136577,2018,6,"Pune","2018-04-20","Indian Premier League",17,"male","T20","T20",20,"2018","club","Maharashtra Cricket Association Stadium",134,129,134,"field",129,64,NULL,"win",5
1136578,2018,6,"Kolkata","2018-04-21","Indian Premier League",18,"male","T20","T20",20,"2018","club","Eden Gardens",494,6,494,"field",494,NULL,9,"win",1409
1136579,2018,6,"Bengaluru","2018-04-21","Indian Premier League",19,"male","T20","T20",20,"2018","club","M.Chinnaswamy Stadium",1,252,1,"field",1,NULL,6,"win",245
1136580,2018,6,"Hyderabad","2018-04-22","Indian Premier League",20,"male","T20","T20",20,"2018","club","Rajiv Gandhi International Stadium",2,129,2,"field",129,4,NULL,"win",27
1136581,2018,6,"Jaipur","2018-04-22","Indian Premier League",21,"male","T20","T20",20,"2018","club","Sawai Mansingh Stadium",3,3,134,"bat",134,NULL,3,"win",1833
1136582,2018,6,"Delhi","2018-04-23","Indian Premier League",22,"male","T20","T20",20,"2018","club","Arun Jaitley Stadium",252,494,252,"field",494,4,NULL,"win",219
1136583,2018,6,"Mumbai","2018-04-24","Indian Premier League",23,"male","T20","T20",20,"2018","club","Wankhede Stadium",3,2,3,"field",2,31,NULL,"win",22
1136584,2018,6,"Bengaluru","2018-04-25","Indian Premier League",24,"male","T20","T20",20,"2018","club","M.Chinnaswamy Stadium",129,1,129,"field",129,NULL,5,"win",38
1136585,2018,6,"Hyderabad","2018-04-26","Indian Premier League",25,"male","T20","T20",20,"2018","club","Rajiv Gandhi International Stadium",494,2,494,"field",2,13,NULL,"win",219
1136586,2018,6,"Delhi","2018-04-27","Indian Premier League",26,"male","T20","T20",20,"2018","club","Arun Jaitley Stadium",6,252,6,"field",252,55,NULL,"win",389
1136587,2018,6,"Pune","2018-04-28","Indian Premier League",27,"male","T20","T20",20,"2018","club","Maharashtra Cricket Association Stadium",3,129,3,"field",3,NULL,8,"win",25
1136588,2018,6,"Jaipur","2018-04-29","Indian Premier League",28,"male","T20","T20",20,"2018","club","Sawai Mansingh Stadium",2,2,134,"bat",2,11,NULL,"win",531
1136589,2018,6,"Bengaluru","2018-04-29","Indian Premier League",29,"male","T20","T20",20,"2018","club","M.Chinnaswamy Stadium",6,1,6,"field",6,NULL,6,"win",57
1136590,2018,6,"Pune","2018-04-30","Indian Premier League",30,"male","T20","T20",20,"2018","club","Maharashtra Cricket Association Stadium",252,129,252,"field",129,13,NULL,"win",5
1136591,2018,6,"Bengaluru","2018-05-01","Indian Premier League",31,"male","T20","T20",20,"2018","club","M.Chinnaswamy Stadium",3,1,3,"field",1,14,NULL,"win",31
1136592,2018,6,"Delhi","2018-05-02","Indian Premier League",32,"male","T20","T20",20,"2018","club","Arun Jaitley Stadium",134,252,134,"field",252,4,NULL,"win",181
1136593,2018,6,"Kolkata","2018-05-03","Indian Premier League",33,"male","T20","T20",20,"2018","club","Eden Gardens",6,129,6,"field",6,NULL,6,"win",65
1136594,2018,6,"Indore","2018-05-04","Indian Premier League",34,"male","T20","T20",20,"2018","club","Holkar Cricket Stadium",3,494,3,"field",3,NULL,6,"win",61
1136595,2018,6,"Pune","2018-05-05","Indian Premier League",35,"male","T20","T20",20,"2018","club","Maharashtra Cricket Association Stadium",129,1,129,"field",129,NULL,6,"win",348
1136596,2018,6,"Hyderabad","2018-05-05","Indian Premier League",36,"male","T20","T20",20,"2018","club","Rajiv Gandhi International Stadium",252,252,2,"bat",2,NULL,7,"win",22
1136597,2018,6,"Mumbai","2018-05-06","Indian Premier League",37,"male","T20","T20",20,"2018","club","Wankhede Stadium",6,3,6,"field",3,13,NULL,"win",30
1136598,2018,6,"Indore","2018-05-06","Indian Premier League",38,"male","T20","T20",20,"2018","club","Holkar Cricket Stadium",494,134,494,"field",494,NULL,6,"win",1419
1136599,2018,6,"Hyderabad","2018-05-07","Indian Premier League",39,"male","T20","T20",20,"2018","club","Rajiv Gandhi International Stadium",1,2,1,"field",2,5,NULL,"win",531
1136600,2018,6,"Jaipur","2018-05-08","Indian Premier League",40,"male","T20","T20",20,"2018","club","Sawai Mansingh Stadium",134,134,494,"bat",134,15,NULL,"win",24
1136601,2018,6,"Kolkata","2018-05-09","Indian Premier League",41,"male","T20","T20",20,"2018","club","Eden Gardens",6,3,6,"field",3,102,NULL,"win",347
1136602,2018,6,"Delhi","2018-05-10","Indian Premier League",42,"male","T20","T20",20,"2018","club","Arun Jaitley Stadium",252,252,2,"bat",2,NULL,9,"win",13
1136603,2018,6,"Jaipur","2018-05-11","Indian Premier League",43,"male","T20","T20",20,"2018","club","Sawai Mansingh Stadium",129,129,134,"bat",134,NULL,4,"win",24
1136604,2018,6,"Indore","2018-05-12","Indian Premier League",44,"male","T20","T20",20,"2018","club","Holkar Cricket Stadium",494,6,494,"field",6,31,NULL,"win",65
1136605,2018,6,"Delhi","2018-05-12","Indian Premier League",45,"male","T20","T20",20,"2018","club","Arun Jaitley Stadium",1,252,1,"field",1,NULL,5,"win",245
1136606,2018,6,"Pune","2018-05-13","Indian Premier League",46,"male","T20","T20",20,"2018","club","Maharashtra Cricket Association Stadium",129,2,129,"field",129,NULL,8,"win",27
1136607,2018,6,"Mumbai","2018-05-13","Indian Premier League",47,"male","T20","T20",20,"2018","club","Wankhede Stadium",134,3,134,"field",134,NULL,7,"win",24
1136608,2018,6,"Indore","2018-05-14","Indian Premier League",48,"male","T20","T20",20,"2018","club","Holkar Cricket Stadium",1,494,1,"field",1,NULL,10,"win",318
1136609,2018,6,"Kolkata","2018-05-15","Indian Premier League",49,"male","T20","T20",20,"2018","club","Eden Gardens",6,134,6,"field",6,NULL,6,"win",64
1136610,2018,6,"Mumbai","2018-05-16","Indian Premier League",50,"male","T20","T20",20,"2018","club","Wankhede Stadium",494,3,494,"field",3,3,NULL,"win",33
1136611,2018,6,"Bengaluru","2018-05-17","Indian Premier League",51,"male","T20","T20",20,"2018","club","M.Chinnaswamy Stadium",2,1,2,"field",1,14,NULL,"win",245
1136612,2018,6,"Delhi","2018-05-18","Indian Premier League",52,"male","T20","T20",20,"2018","club","Arun Jaitley Stadium",129,252,129,"field",252,34,NULL,"win",1285
1136613,2018,6,"Jaipur","2018-05-19","Indian Premier League",53,"male","T20","T20",20,"2018","club","Sawai Mansingh Stadium",134,134,1,"bat",134,30,NULL,"win",1449
1136614,2018,6,"Hyderabad","2018-05-19","Indian Premier League",54,"male","T20","T20",20,"2018","club","Rajiv Gandhi International Stadium",2,2,6,"bat",6,NULL,5,"win",57
1136615,2018,6,"Delhi","2018-05-20","Indian Premier League",55,"male","T20","T20",20,"2018","club","Arun Jaitley Stadium",252,252,3,"bat",252,11,NULL,"win",185
1136616,2018,6,"Pune","2018-05-20","Indian Premier League",56,"male","T20","T20",20,"2018","club","Maharashtra Cricket Association Stadium",129,494,129,"field",129,NULL,5,"win",2024
1136617,2018,6,"Mumbai","2018-05-22","Indian Premier League",NULL,"male","T20","T20",20,"2018","club","Wankhede Stadium",129,2,129,"field",129,NULL,2,"win",267
1136618,2018,6,"Kolkata","2018-05-23","Indian Premier League",NULL,"male","T20","T20",20,"2018","club","Eden Gardens",134,6,134,"field",6,25,NULL,"win",1437
1136619,2018,6,"Kolkata","2018-05-25","Indian Premier League",NULL,"male","T20","T20",20,"2018","club","Eden Gardens",6,2,6,"field",2,14,NULL,"win",22
1136620,2018,6,"Mumbai","2018-05-27","Indian Premier League",NULL,"male","T20","T20",20,"2018","club","Wankhede Stadium",129,2,129,"field",129,NULL,8,"win",5
1175356,2019,6,"Chennai","2019-03-23","Indian Premier League",1,"male","T20","T20",20,"2019","club","MA Chidambaram Stadium",129,1,129,"field",129,NULL,7,"win",228
1175357,2019,6,"Kolkata","2019-03-24","Indian Premier League",2,"male","T20","T20",20,"2019","club","Eden Gardens",6,2,6,"field",6,NULL,6,"win",1437
1175358,2019,6,"Mumbai","2019-03-24","Indian Premier League",3,"male","T20","T20",20,"2019","club","Wankhede Stadium",3,252,3,"field",252,37,NULL,"win",181
1175359,2019,6,"Jaipur","2019-03-25","Indian Premier League",4,"male","T20","T20",20,"2019","club","Sawai Mansingh Stadium",134,494,134,"field",494,14,NULL,"win",1
1175360,2019,6,"Delhi","2019-03-26","Indian Premier League",5,"male","T20","T20",20,"2019","club","Arun Jaitley Stadium",252,252,129,"bat",129,NULL,6,"win",5
1175361,2019,6,"Kolkata","2019-03-27","Indian Premier League",6,"male","T20","T20",20,"2019","club","Eden Gardens",494,6,494,"field",6,28,NULL,"win",1437
1175362,2019,6,"Bengaluru","2019-03-28","Indian Premier League",7,"male","T20","T20",20,"2019","club","M.Chinnaswamy Stadium",1,3,1,"field",3,6,NULL,"win",33
1175363,2019,6,"Hyderabad","2019-03-29","Indian Premier League",8,"male","T20","T20",20,"2019","club","Rajiv Gandhi International Stadium",134,134,2,"bat",2,NULL,5,"win",22
1175364,2019,6,"Chandigarh","2019-03-30","Indian Premier League",9,"male","T20","T20",20,"2019","club","Punjab Cricket Association IS Bindra Stadium",494,3,494,"field",494,NULL,8,"win",35
1175365,2019,6,"Delhi","2019-03-30","Indian Premier League",10,"male","T20","T20",20,"2019","club","Arun Jaitley Stadium",252,6,252,"field",252,NULL,NULL,"tie",1849
1175366,2019,6,"Hyderabad","2019-03-31","Indian Premier League",11,"male","T20","T20",20,"2019","club","Rajiv Gandhi International Stadium",1,2,1,"field",2,118,NULL,"win",2719
1175367,2019,6,"Chennai","2019-03-31","Indian Premier League",12,"male","T20","T20",20,"2019","club","MA Chidambaram Stadium",134,129,134,"field",129,8,NULL,"win",38
1175368,2019,6,"Chandigarh","2019-04-01","Indian Premier League",13,"male","T20","T20",20,"2019","club","Punjab Cricket Association IS Bindra Stadium",252,494,252,"field",494,14,NULL,"win",2768
1175369,2019,6,"Jaipur","2019-04-02","Indian Premier League",14,"male","T20","T20",20,"2019","club","Sawai Mansingh Stadium",134,1,134,"field",134,NULL,7,"win",1449
1175370,2019,6,"Mumbai","2019-04-03","Indian Premier League",15,"male","T20","T20",20,"2019","club","Wankhede Stadium",129,3,129,"field",3,37,NULL,"win",30
1175371,2019,6,"Delhi","2019-04-04","Indian Premier League",16,"male","T20","T20",20,"2019","club","Arun Jaitley Stadium",2,252,2,"field",2,NULL,5,"win",2719
1175372,2019,6,"Bengaluru","2019-04-05","Indian Premier League",17,"male","T20","T20",20,"2019","club","M.Chinnaswamy Stadium",6,1,6,"field",6,NULL,5,"win",1437
1178393,2019,6,"Chennai","2019-04-06","Indian Premier League",18,"male","T20","T20",20,"2019","club","MA Chidambaram Stadium",129,129,494,"bat",129,22,NULL,"win",228
1178394,2019,6,"Hyderabad","2019-04-06","Indian Premier League",19,"male","T20","T20",20,"2019","club","Rajiv Gandhi International Stadium",2,3,2,"field",3,40,NULL,"win",3100
1178395,2019,6,"Bengaluru","2019-04-07","Indian Premier League",20,"male","T20","T20",20,"2019","club","M.Chinnaswamy Stadium",252,1,252,"field",252,NULL,4,"win",590
1178396,2019,6,"Jaipur","2019-04-07","Indian Premier League",21,"male","T20","T20",20,"2019","club","Sawai Mansingh Stadium",6,134,6,"field",6,NULL,8,"win",3156
1178397,2019,6,"Chandigarh","2019-04-08","Indian Premier League",22,"male","T20","T20",20,"2019","club","Punjab Cricket Association IS Bindra Stadium",494,2,494,"field",494,NULL,6,"win",1409
1178398,2019,6,"Chennai","2019-04-09","Indian Premier League",23,"male","T20","T20",20,"2019","club","MA Chidambaram Stadium",129,6,129,"field",129,NULL,7,"win",41
1178399,2019,6,"Mumbai","2019-04-10","Indian Premier League",24,"male","T20","T20",20,"2019","club","Wankhede Stadium",3,494,3,"field",3,NULL,3,"win",29
1178400,2019,6,"Jaipur","2019-04-11","Indian Premier League",25,"male","T20","T20",20,"2019","club","Sawai Mansingh Stadium",129,134,129,"field",129,NULL,4,"win",38
1178401,2019,6,"Kolkata","2019-04-12","Indian Premier League",26,"male","T20","T20",20,"2019","club","Eden Gardens",252,6,252,"field",252,NULL,7,"win",13
1178402,2019,6,"Mumbai","2019-04-13","Indian Premier League",27,"male","T20","T20",20,"2019","club","Wankhede Stadium",134,3,134,"field",134,NULL,4,"win",24
1178403,2019,6,"Chandigarh","2019-04-13","Indian Premier League",28,"male","T20","T20",20,"2019","club","Punjab Cricket Association IS Bindra Stadium",1,494,1,"field",1,NULL,8,"win",245
1178404,2019,6,"Kolkata","2019-04-14","Indian Premier League",29,"male","T20","T20",20,"2019","club","Eden Gardens",129,6,129,"field",129,NULL,5,"win",44
1178405,2019,6,"Hyderabad","2019-04-14","Indian Premier League",30,"male","T20","T20",20,"2019","club","Rajiv Gandhi International Stadium",2,252,2,"field",252,39,NULL,"win",2745
1178406,2019,6,"Mumbai","2019-04-15","Indian Premier League",31,"male","T20","T20",20,"2019","club","Wankhede Stadium",3,1,3,"field",3,NULL,5,"win",230
1178407,2019,6,"Chandigarh","2019-04-16","Indian Premier League",32,"male","T20","T20",20,"2019","club","Punjab Cricket Association IS Bindra Stadium",134,494,134,"field",494,12,NULL,"win",1416
1178408,2019,6,"Hyderabad","2019-04-17","Indian Premier League",33,"male","T20","T20",20,"2019","club","Rajiv Gandhi International Stadium",129,129,2,"bat",2,NULL,6,"win",12
1178409,2019,6,"Delhi","2019-04-18","Indian Premier League",34,"male","T20","T20",20,"2019","club","Arun Jaitley Stadium",3,3,252,"bat",3,40,NULL,"win",30
1178410,2019,6,"Kolkata","2019-04-19","Indian Premier League",35,"male","T20","T20",20,"2019","club","Eden Gardens",6,1,6,"field",1,10,NULL,"win",332
1178411,2019,6,"Jaipur","2019-04-20","Indian Premier League",36,"male","T20","T20",20,"2019","club","Sawai Mansingh Stadium",134,3,134,"field",134,NULL,5,"win",36
1178412,2019,6,"Delhi","2019-04-20","Indian Premier League",37,"male","T20","T20",20,"2019","club","Arun Jaitley Stadium",252,494,252,"field",252,NULL,5,"win",389
1178413,2019,6,"Hyderabad","2019-04-21","Indian Premier League",38,"male","T20","T20",20,"2019","club","Rajiv Gandhi International Stadium",2,6,2,"field",2,NULL,9,"win",2662
1178414,2019,6,"Bengaluru","2019-04-21","Indian Premier League",39,"male","T20","T20",20,"2019","club","M.Chinnaswamy Stadium",129,1,129,"field",1,1,NULL,"win",23
1178415,2019,6,"Jaipur","2019-04-22","Indian Premier League",40,"male","T20","T20",20,"2019","club","Sawai Mansingh Stadium",252,134,252,"field",252,NULL,6,"win",181
1178416,2019,6,"Chennai","2019-04-23","Indian Premier League",41,"male","T20","T20",20,"2019","club","MA Chidambaram Stadium",129,2,129,"field",129,NULL,6,"win",5
1178417,2019,6,"Bengaluru","2019-04-24","Indian Premier League",42,"male","T20","T20",20,"2019","club","M.Chinnaswamy Stadium",494,1,494,"field",1,17,NULL,"win",245
1178418,2019,6,"Kolkata","2019-04-25","Indian Premier League",43,"male","T20","T20",20,"2019","club","Eden Gardens",134,6,134,"field",134,NULL,3,"win",241
1178419,2019,6,"Chennai","2019-04-26","Indian Premier League",44,"male","T20","T20",20,"2019","club","MA Chidambaram Stadium",129,3,129,"field",3,46,NULL,"win",25
1178420,2019,6,"Jaipur","2019-04-27","Indian Premier League",45,"male","T20","T20",20,"2019","club","Sawai Mansingh Stadium",134,2,134,"field",134,NULL,7,"win",438
1178421,2019,6,"Delhi","2019-04-28","Indian Premier League",46,"male","T20","T20",20,"2019","club","Arun Jaitley Stadium",252,252,1,"bat",252,16,NULL,"win",13
1178422,2019,6,"Kolkata","2019-04-28","Indian Premier League",47,"male","T20","T20",20,"2019","club","Eden Gardens",3,6,3,"field",6,34,NULL,"win",1437
1178423,2019,6,"Hyderabad","2019-04-29","Indian Premier League",48,"male","T20","T20",20,"2019","club","Rajiv Gandhi International Stadium",494,2,494,"field",2,45,NULL,"win",12
1178424,2019,6,"Bengaluru","2019-04-30","Indian Premier League",49,"male","T20","T20",20,"2019","club","M.Chinnaswamy Stadium",134,1,134,"field",134,NULL,NULL,"no result",NULL
1178425,2019,6,"Chennai","2019-05-01","Indian Premier League",50,"male","T20","T20",20,"2019","club","MA Chidambaram Stadium",252,129,252,"field",129,80,NULL,"win",38
1178426,2019,6,"Mumbai","2019-05-02","Indian Premier League",51,"male","T20","T20",20,"2019","club","Wankhede Stadium",3,3,2,"bat",2,NULL,NULL,"tie",33
1178427,2019,6,"Chandigarh","2019-05-03","Indian Premier League",52,"male","T20","T20",20,"2019","club","Punjab Cricket Association IS Bindra Stadium",6,494,6,"field",6,NULL,7,"win",1580
1178428,2019,6,"Delhi","2019-05-04","Indian Premier League",53,"male","T20","T20",20,"2019","club","Arun Jaitley Stadium",134,134,252,"bat",252,NULL,5,"win",185
1178429,2019,6,"Bengaluru","2019-05-04","Indian Premier League",54,"male","T20","T20",20,"2019","club","M.Chinnaswamy Stadium",1,2,1,"field",1,NULL,4,"win",2700
1178430,2019,6,"Chandigarh","2019-05-05","Indian Premier League",55,"male","T20","T20",20,"2019","club","Punjab Cricket Association IS Bindra Stadium",494,129,494,"field",494,NULL,6,"win",1409
1178431,2019,6,"Mumbai","2019-05-05","Indian Premier League",56,"male","T20","T20",20,"2019","club","Wankhede Stadium",3,6,3,"field",3,NULL,9,"win",30
1181764,2019,6,"Chennai","2019-05-07","Indian Premier League",NULL,"male","T20","T20",20,"2019","club","MA Chidambaram Stadium",129,129,3,"bat",3,NULL,6,"win",61
1181766,2019,6,"Visakhapatnam","2019-05-08","Indian Premier League",NULL,"male","T20","T20",20,"2019","club","Dr. Y.S. Rajasekhara Reddy ACA-VDCA Cricket Stadium",252,2,252,"field",252,NULL,2,"win",181
1181767,2019,6,"Visakhapatnam","2019-05-10","Indian Premier League",NULL,"male","T20","T20",20,"2019","club","Dr. Y.S. Rajasekhara Reddy ACA-VDCA Cricket Stadium",129,252,129,"field",129,NULL,6,"win",267
1181768,2019,6,"Hyderabad","2019-05-12","Indian Premier League",NULL,"male","T20","T20",20,"2019","club","Rajiv Gandhi International Stadium",3,3,129,"bat",3,1,NULL,"win",33
1216492,2020,6,"Abu Dhabi","2020-09-19","Indian Premier League",1,"male","T20","T20",20,"2020/21","club","Sheikh Zayed Stadium",129,3,129,"field",129,NULL,5,"win",27
1216493,2020,6,NULL,"2020-09-20","Indian Premier League",2,"male","T20","T20",20,"2020/21","club","Dubai International Cricket Stadium",494,252,494,"field",494,NULL,NULL,"tie",73
1216494,2020,6,"Abu Dhabi","2020-10-21","Indian Premier League",39,"male","T20","T20",20,"2020/21","club","Sheikh Zayed Stadium",6,6,1,"bat",1,NULL,8,"win",538
1216495,2020,6,NULL,"2020-11-03","Indian Premier League",56,"male","T20","T20",20,"2020/21","club","Sharjah Cricket Stadium",2,3,2,"field",2,NULL,10,"win",186
1216496,2020,6,NULL,"2020-09-22","Indian Premier League",4,"male","T20","T20",20,"2020/21","club","Sharjah Cricket Stadium",129,134,129,"field",134,16,NULL,"win",180
1216497,2020,6,"Abu Dhabi","2020-10-24","Indian Premier League",42,"male","T20","T20",20,"2020/21","club","Sheikh Zayed Stadium",252,6,252,"field",6,59,NULL,"win",2825
1216498,2020,6,NULL,"2020-10-24","Indian Premier League",43,"male","T20","T20",20,"2020/21","club","Dubai International Cricket Stadium",2,494,2,"field",494,12,NULL,"win",1327
1216499,2020,6,"Abu Dhabi","2020-10-28","Indian Premier League",48,"male","T20","T20",20,"2020/21","club","Sheikh Zayed Stadium",3,1,3,"field",3,NULL,5,"win",61
1216500,2020,6,NULL,"2020-10-09","Indian Premier League",23,"male","T20","T20",20,"2020/21","club","Sharjah Cricket Stadium",134,252,134,"field",252,46,NULL,"win",1416
1216501,2020,6,"Abu Dhabi","2020-10-07","Indian Premier League",21,"male","T20","T20",20,"2020/21","club","Sheikh Zayed Stadium",6,6,129,"bat",6,10,NULL,"win",268
1216502,2020,6,NULL,"2020-10-31","Indian Premier League",52,"male","T20","T20",20,"2020/21","club","Sharjah Cricket Stadium",2,1,2,"field",2,NULL,5,"win",76
1216503,2020,6,"Abu Dhabi","2020-10-01","Indian Premier League",13,"male","T20","T20",20,"2020/21","club","Sheikh Zayed Stadium",494,3,494,"field",3,48,NULL,"win",29
1216504,2020,6,NULL,"2020-09-30","Indian Premier League",12,"male","T20","T20",20,"2020/21","club","Dubai International Cricket Stadium",134,6,134,"field",6,37,NULL,"win",1581
1216505,2020,6,"Abu Dhabi","2020-11-02","Indian Premier League",55,"male","T20","T20",20,"2020/21","club","Sheikh Zayed Stadium",252,1,252,"field",252,NULL,6,"win",4047
1216506,2020,6,"Abu Dhabi","2020-11-01","Indian Premier League",53,"male","T20","T20",20,"2020/21","club","Sheikh Zayed Stadium",129,494,129,"field",129,NULL,9,"win",4119
1216507,2020,6,NULL,"2020-10-11","Indian Premier League",26,"male","T20","T20",20,"2020/21","club","Dubai International Cricket Stadium",2,2,134,"bat",134,NULL,5,"win",1119
1216508,2020,6,"Abu Dhabi","2020-09-23","Indian Premier League",5,"male","T20","T20",20,"2020/21","club","Sheikh Zayed Stadium",6,3,6,"field",3,49,NULL,"win",25
1216509,2020,6,NULL,"2020-10-17","Indian Premier League",34,"male","T20","T20",20,"2020/21","club","Sharjah Cricket Stadium",129,129,252,"bat",252,NULL,5,"win",13
1216510,2020,6,NULL,"2020-09-24","Indian Premier League",6,"male","T20","T20",20,"2020/21","club","Dubai International Cricket Stadium",1,494,1,"field",494,97,NULL,"win",1409
1216511,2020,6,"Abu Dhabi","2020-10-06","Indian Premier League",20,"male","T20","T20",20,"2020/21","club","Sheikh Zayed Stadium",3,3,134,"bat",3,57,NULL,"win",61
1216512,2020,6,"Abu Dhabi","2020-10-18","Indian Premier League",35,"male","T20","T20",20,"2020/21","club","Sheikh Zayed Stadium",2,6,2,"field",2,NULL,NULL,"tie",361
1216513,2020,6,NULL,"2020-10-04","Indian Premier League",18,"male","T20","T20",20,"2020/21","club","Dubai International Cricket Stadium",494,494,129,"bat",129,NULL,10,"win",5
1216514,2020,6,"Abu Dhabi","2020-10-03","Indian Premier League",15,"male","T20","T20",20,"2020/21","club","Sheikh Zayed Stadium",134,134,1,"bat",1,NULL,8,"win",10
1216515,2020,6,NULL,"2020-10-03","Indian Premier League",16,"male","T20","T20",20,"2020/21","club","Sharjah Cricket Stadium",6,252,6,"field",252,18,NULL,"win",389
1216516,2020,6,NULL,"2020-10-02","Indian Premier League",14,"male","T20","T20",20,"2020/21","club","Dubai International Cricket Stadium",2,2,129,"bat",2,7,NULL,"win",4097
1216517,2020,6,NULL,"2020-10-18","Indian Premier League",36,"male","T20","T20",20,"2020/21","club","Dubai International Cricket Stadium",3,3,494,"bat",494,NULL,NULL,"tie",1409
1216518,2020,6,NULL,"2020-10-22","Indian Premier League",40,"male","T20","T20",20,"2020/21","club","Dubai International Cricket Stadium",2,134,2,"field",2,NULL,8,"win",59
1216519,2020,6,NULL,"2020-10-05","Indian Premier League",19,"male","T20","T20",20,"2020/21","club","Dubai International Cricket Stadium",1,252,1,"field",252,59,NULL,"win",70
1216520,2020,6,NULL,"2020-10-26","Indian Premier League",46,"male","T20","T20",20,"2020/21","club","Sharjah Cricket Stadium",494,6,494,"field",494,NULL,8,"win",1
1216521,2020,6,NULL,"2020-10-23","Indian Premier League",41,"male","T20","T20",20,"2020/21","club","Sharjah Cricket Stadium",3,129,3,"field",3,NULL,10,"win",66
1216522,2020,6,NULL,"2020-10-17","Indian Premier League",33,"male","T20","T20",20,"2020/21","club","Dubai International Cricket Stadium",134,134,1,"bat",1,NULL,7,"win",245
1216523,2020,6,"Abu Dhabi","2020-10-10","Indian Premier League",24,"male","T20","T20",20,"2020/21","club","Sheikh Zayed Stadium",6,6,494,"bat",6,2,NULL,"win",49
1216524,2020,6,NULL,"2020-10-27","Indian Premier League",47,"male","T20","T20",20,"2020/21","club","Dubai International Cricket Stadium",252,2,252,"field",2,88,NULL,"win",69
1216525,2020,6,NULL,"2020-10-10","Indian Premier League",25,"male","T20","T20",20,"2020/21","club","Dubai International Cricket Stadium",1,1,129,"bat",1,37,NULL,"win",332
1216526,2020,6,"Abu Dhabi","2020-10-16","Indian Premier League",32,"male","T20","T20",20,"2020/21","club","Sheikh Zayed Stadium",6,6,3,"bat",3,NULL,8,"win",1421
1216527,2020,6,NULL,"2020-09-27","Indian Premier League",9,"male","T20","T20",20,"2020/21","club","Sharjah Cricket Stadium",134,494,134,"field",134,NULL,4,"win",180
1216528,2020,6,NULL,"2020-10-13","Indian Premier League",29,"male","T20","T20",20,"2020/21","club","Dubai International Cricket Stadium",129,129,2,"bat",129,20,NULL,"win",348
1216529,2020,6,"Abu Dhabi","2020-10-11","Indian Premier League",27,"male","T20","T20",20,"2020/21","club","Sheikh Zayed Stadium",252,252,3,"bat",3,NULL,5,"win",1421
1216530,2020,6,NULL,"2020-11-01","Indian Premier League",54,"male","T20","T20",20,"2020/21","club","Dubai International Cricket Stadium",134,6,134,"field",6,60,NULL,"win",184
1216531,2020,6,NULL,"2020-10-15","Indian Premier League",31,"male","T20","T20",20,"2020/21","club","Sharjah Cricket Stadium",1,1,494,"bat",494,NULL,8,"win",1409
1216532,2020,6,"Abu Dhabi","2020-09-29","Indian Premier League",11,"male","T20","T20",20,"2020/21","club","Sheikh Zayed Stadium",252,2,252,"field",2,15,NULL,"win",22
1216533,2020,6,"Abu Dhabi","2020-10-19","Indian Premier League",37,"male","T20","T20",20,"2020/21","club","Sheikh Zayed Stadium",129,129,134,"bat",134,NULL,7,"win",24
1216534,2020,6,NULL,"2020-09-21","Indian Premier League",3,"male","T20","T20",20,"2020/21","club","Dubai International Cricket Stadium",2,1,2,"field",1,10,NULL,"win",10
1216535,2020,6,NULL,"2020-10-31","Indian Premier League",51,"male","T20","T20",20,"2020/21","club","Dubai International Cricket Stadium",3,252,3,"field",3,NULL,9,"win",347
1216536,2020,6,NULL,"2020-10-29","Indian Premier League",49,"male","T20","T20",20,"2020/21","club","Dubai International Cricket Stadium",129,6,129,"field",129,NULL,6,"win",4119
1216537,2020,6,"Abu Dhabi","2020-10-30","Indian Premier League",50,"male","T20","T20",20,"2020/21","club","Sheikh Zayed Stadium",134,494,134,"field",134,NULL,7,"win",37
1216538,2020,6,NULL,"2020-10-04","Indian Premier League",17,"male","T20","T20",20,"2020/21","club","Sharjah Cricket Stadium",3,3,2,"bat",3,34,NULL,"win",66
1216539,2020,6,NULL,"2020-09-25","Indian Premier League",7,"male","T20","T20",20,"2020/21","club","Dubai International Cricket Stadium",129,252,129,"field",252,44,NULL,"win",1849
1216540,2020,6,NULL,"2020-10-12","Indian Premier League",28,"male","T20","T20",20,"2020/21","club","Sharjah Cricket Stadium",1,1,6,"bat",1,82,NULL,"win",245
1216541,2020,6,"Abu Dhabi","2020-10-25","Indian Premier League",45,"male","T20","T20",20,"2020/21","club","Sheikh Zayed Stadium",3,3,134,"bat",134,NULL,8,"win",37
1216542,2020,6,NULL,"2020-10-08","Indian Premier League",22,"male","T20","T20",20,"2020/21","club","Dubai International Cricket Stadium",2,2,494,"bat",2,69,NULL,"win",2719
1216543,2020,6,NULL,"2020-10-14","Indian Premier League",30,"male","T20","T20",20,"2020/21","club","Dubai International Cricket Stadium",252,252,134,"bat",252,13,NULL,"win",4047
1216544,2020,6,NULL,"2020-10-25","Indian Premier League",44,"male","T20","T20",20,"2020/21","club","Dubai International Cricket Stadium",1,1,129,"bat",129,NULL,8,"win",4119
1216545,2020,6,"Abu Dhabi","2020-09-26","Indian Premier League",8,"male","T20","T20",20,"2020/21","club","Sheikh Zayed Stadium",2,2,6,"bat",6,NULL,7,"win",1580
1216546,2020,6,NULL,"2020-10-20","Indian Premier League",38,"male","T20","T20",20,"2020/21","club","Dubai International Cricket Stadium",252,252,494,"bat",494,NULL,5,"win",13
1216547,2020,6,NULL,"2020-09-28","Indian Premier League",10,"male","T20","T20",20,"2020/21","club","Dubai International Cricket Stadium",3,1,3,"field",3,NULL,NULL,"tie",245
1237177,2020,6,NULL,"2020-11-05","Indian Premier League",NULL,"male","T20","T20",20,"2020/21","club","Dubai International Cricket Stadium",252,3,252,"field",3,57,NULL,"win",33
1237178,2020,6,"Abu Dhabi","2020-11-06","Indian Premier League",NULL,"male","T20","T20",20,"2020/21","club","Sheikh Zayed Stadium",2,1,2,"field",2,NULL,6,"win",531
1237180,2020,6,"Abu Dhabi","2020-11-08","Indian Premier League",NULL,"male","T20","T20",20,"2020/21","club","Sheikh Zayed Stadium",252,252,2,"bat",252,17,NULL,"win",73
1237181,2020,6,NULL,"2020-11-10","Indian Premier League",NULL,"male","T20","T20",20,"2020/21","club","Dubai International Cricket Stadium",252,252,3,"bat",3,NULL,5,"win",66
1254058,2021,6,"Chennai","2021-04-09","Indian Premier League",1,"male","T20","T20",20,"2021","club","MA Chidambaram Stadium, Chepauk, Chennai",1,3,1,"field",1,NULL,2,"win",1285
1254059,2021,6,"Mumbai","2021-04-10","Indian Premier League",2,"male","T20","T20",20,"2021","club","Wankhede Stadium, Mumbai",252,129,252,"field",252,NULL,7,"win",13
1254060,2021,6,"Chennai","2021-04-11","Indian Premier League",3,"male","T20","T20",20,"2021","club","MA Chidambaram Stadium, Chepauk, Chennai",2,6,2,"field",6,10,NULL,"win",26
1254061,2021,6,"Mumbai","2021-04-12","Indian Premier League",4,"male","T20","T20",20,"2021","club","Wankhede Stadium, Mumbai",134,494,134,"field",494,4,NULL,"win",180
1254062,2021,6,"Chennai","2021-04-13","Indian Premier League",5,"male","T20","T20",20,"2021","club","MA Chidambaram Stadium, Chepauk, Chennai",6,3,6,"field",3,10,NULL,"win",163
1254063,2021,6,"Chennai","2021-04-14","Indian Premier League",6,"male","T20","T20",20,"2021","club","MA Chidambaram Stadium, Chepauk, Chennai",2,1,2,"field",1,6,NULL,"win",71
1254064,2021,6,"Mumbai","2021-04-15","Indian Premier League",7,"male","T20","T20",20,"2021","club","Wankhede Stadium, Mumbai",134,252,134,"field",134,NULL,3,"win",438
1254065,2021,6,"Mumbai","2021-04-16","Indian Premier League",8,"male","T20","T20",20,"2021","club","Wankhede Stadium, Mumbai",129,494,129,"field",129,NULL,6,"win",41
1254066,2021,6,"Chennai","2021-04-17","Indian Premier League",9,"male","T20","T20",20,"2021","club","MA Chidambaram Stadium, Chepauk, Chennai",3,3,2,"bat",3,13,NULL,"win",29
1254067,2021,6,"Chennai","2021-04-18","Indian Premier League",10,"male","T20","T20",20,"2021","club","MA Chidambaram Stadium, Chepauk, Chennai",1,1,6,"bat",1,38,NULL,"win",245
1254068,2021,6,"Mumbai","2021-04-18","Indian Premier League",11,"male","T20","T20",20,"2021","club","Wankhede Stadium, Mumbai",252,494,252,"field",252,NULL,6,"win",13
1254069,2021,6,"Mumbai","2021-04-19","Indian Premier League",12,"male","T20","T20",20,"2021","club","Wankhede Stadium, Mumbai",134,129,134,"field",129,45,NULL,"win",2227
1254070,2021,6,"Chennai","2021-04-20","Indian Premier League",13,"male","T20","T20",20,"2021","club","MA Chidambaram Stadium, Chepauk, Chennai",3,3,252,"bat",252,NULL,6,"win",185
1254071,2021,6,"Chennai","2021-04-21","Indian Premier League",14,"male","T20","T20",20,"2021","club","MA Chidambaram Stadium, Chepauk, Chennai",494,494,2,"bat",2,NULL,9,"win",2719
1254072,2021,6,"Mumbai","2021-04-21","Indian Premier League",15,"male","T20","T20",20,"2021","club","Wankhede Stadium, Mumbai",6,129,6,"field",129,18,NULL,"win",267
1254073,2021,6,"Mumbai","2021-04-22","Indian Premier League",16,"male","T20","T20",20,"2021","club","Wankhede Stadium, Mumbai",1,134,1,"field",1,NULL,10,"win",4071
1254074,2021,6,"Chennai","2021-04-23","Indian Premier League",17,"male","T20","T20",20,"2021","club","MA Chidambaram Stadium, Chepauk, Chennai",494,3,494,"field",494,NULL,9,"win",1409
1254075,2021,6,"Mumbai","2021-04-24","Indian Premier League",18,"male","T20","T20",20,"2021","club","Wankhede Stadium, Mumbai",134,6,134,"field",134,NULL,6,"win",182
1254076,2021,6,"Mumbai","2021-04-25","Indian Premier League",19,"male","T20","T20",20,"2021","club","Wankhede Stadium, Mumbai",129,129,1,"bat",129,69,NULL,"win",348
1254077,2021,6,"Chennai","2021-04-25","Indian Premier League",20,"male","T20","T20",20,"2021","club","MA Chidambaram Stadium, Chepauk, Chennai",252,252,2,"bat",2,NULL,NULL,"tie",1849
1254078,2021,6,"Ahmedabad","2021-04-26","Indian Premier League",21,"male","T20","T20",20,"2021","club","Narendra Modi Stadium, Ahmedabad",6,494,6,"field",6,NULL,5,"win",400
1254079,2021,6,"Ahmedabad","2021-04-27","Indian Premier League",22,"male","T20","T20",20,"2021","club","Narendra Modi Stadium, Ahmedabad",252,1,252,"field",1,1,NULL,"win",245
1254080,2021,6,"Delhi","2021-04-28","Indian Premier League",23,"male","T20","T20",20,"2021","club","Arun Jaitley Stadium, Delhi",2,2,129,"bat",129,NULL,7,"win",4119
1254081,2021,6,"Delhi","2021-04-29","Indian Premier League",24,"male","T20","T20",20,"2021","club","Arun Jaitley Stadium, Delhi",3,134,3,"field",3,NULL,7,"win",1421
1254082,2021,6,"Ahmedabad","2021-04-29","Indian Premier League",25,"male","T20","T20",20,"2021","club","Narendra Modi Stadium, Ahmedabad",252,6,252,"field",252,NULL,7,"win",1849
1254083,2021,6,"Ahmedabad","2021-04-30","Indian Premier League",26,"male","T20","T20",20,"2021","club","Narendra Modi Stadium, Ahmedabad",1,494,1,"field",494,34,NULL,"win",3495
1254084,2021,6,"Delhi","2021-05-01","Indian Premier League",27,"male","T20","T20",20,"2021","club","Arun Jaitley Stadium, Delhi",3,129,3,"field",3,NULL,4,"win",29
1254085,2021,6,"Delhi","2021-05-02","Indian Premier League",28,"male","T20","T20",20,"2021","club","Arun Jaitley Stadium, Delhi",2,134,2,"field",134,55,NULL,"win",24
1254086,2021,6,"Ahmedabad","2021-05-02","Indian Premier League",29,"male","T20","T20",20,"2021","club","Narendra Modi Stadium, Ahmedabad",252,494,252,"field",252,NULL,7,"win",35
1254087,2021,6,"Abu Dhabi","2021-09-20","Indian Premier League",31,"male","T20","T20",20,"2021","club","Zayed Cricket Stadium, Abu Dhabi",1,1,6,"bat",6,NULL,9,"win",2825
1254088,2021,6,"Abu Dhabi","2021-10-08","Indian Premier League",55,"male","T20","T20",20,"2021","club","Zayed Cricket Stadium, Abu Dhabi",3,3,2,"bat",3,42,NULL,"win",347
1254089,2021,6,"Abu Dhabi","2021-10-02","Indian Premier League",47,"male","T20","T20",20,"2021","club","Zayed Cricket Stadium, Abu Dhabi",134,129,134,"field",134,NULL,7,"win",4119
1254090,2021,6,"Sharjah","2021-10-03","Indian Premier League",48,"male","T20","T20",20,"2021","club","Sharjah Cricket Stadium",1,1,494,"bat",1,6,NULL,"win",71
1254091,2021,6,"Sharjah","2021-09-30","Indian Premier League",44,"male","T20","T20",20,"2021","club","Sharjah Cricket Stadium",129,2,129,"field",129,NULL,6,"win",4664
1254092,2021,6,"Sharjah","2021-09-28","Indian Premier League",41,"male","T20","T20",20,"2021","club","Sharjah Cricket Stadium",6,252,6,"field",6,NULL,3,"win",65
1254093,2021,6,"Sharjah","2021-10-05","Indian Premier League",51,"male","T20","T20",20,"2021","club","Sharjah Cricket Stadium",3,134,3,"field",3,NULL,8,"win",471
1254094,2021,6,"Dubai","2021-10-07","Indian Premier League",53,"male","T20","T20",20,"2021","club","Dubai International Cricket Stadium",494,129,494,"field",494,NULL,6,"win",1409
1254095,2021,6,"Abu Dhabi","2021-10-06","Indian Premier League",52,"male","T20","T20",20,"2021","club","Zayed Cricket Stadium, Abu Dhabi",1,2,1,"field",2,4,NULL,"win",531
1254096,2021,6,"Abu Dhabi","2021-09-23","Indian Premier League",34,"male","T20","T20",20,"2021","club","Zayed Cricket Stadium, Abu Dhabi",6,3,6,"field",6,NULL,7,"win",65
1254097,2021,6,"Abu Dhabi","2021-09-25","Indian Premier League",36,"male","T20","T20",20,"2021","club","Zayed Cricket Stadium, Abu Dhabi",134,252,134,"field",252,33,NULL,"win",389
1254098,2021,6,"Abu Dhabi","2021-09-26","Indian Premier League",38,"male","T20","T20",20,"2021","club","Zayed Cricket Stadium, Abu Dhabi",6,6,129,"bat",129,NULL,2,"win",348
1254099,2021,6,"Abu Dhabi","2021-09-28","Indian Premier League",42,"male","T20","T20",20,"2021","club","Zayed Cricket Stadium, Abu Dhabi",3,494,3,"field",3,NULL,6,"win",29
1254100,2021,6,"Dubai","2021-09-27","Indian Premier League",40,"male","T20","T20",20,"2021","club","Dubai International Cricket Stadium",134,134,2,"bat",2,NULL,7,"win",45
1254101,2021,6,"Dubai","2021-10-08","Indian Premier League",56,"male","T20","T20",20,"2021","club","Dubai International Cricket Stadium",1,252,1,"field",1,NULL,7,"win",5976
1254102,2021,6,"Dubai","2021-10-01","Indian Premier League",45,"male","T20","T20",20,"2021","club","Dubai International Cricket Stadium",494,6,494,"field",494,NULL,5,"win",1409
1254103,2021,6,"Dubai","2021-09-29","Indian Premier League",43,"male","T20","T20",20,"2021","club","Dubai International Cricket Stadium",1,134,1,"field",1,NULL,7,"win",10
1254104,2021,6,"Dubai","2021-09-19","Indian Premier League",30,"male","T20","T20",20,"2021","club","Dubai International Cricket Stadium",129,129,3,"bat",129,20,NULL,"win",4119
1254105,2021,6,"Dubai","2021-09-22","Indian Premier League",33,"male","T20","T20",20,"2021","club","Dubai International Cricket Stadium",2,2,252,"bat",252,NULL,8,"win",4047
1254106,2021,6,"Sharjah","2021-10-07","Indian Premier League",54,"male","T20","T20",20,"2021","club","Sharjah Cricket Stadium",134,6,134,"field",6,86,NULL,"win",1581
1254107,2021,6,"Sharjah","2021-09-25","Indian Premier League",37,"male","T20","T20",20,"2021","club","Sharjah Cricket Stadium",2,494,2,"field",494,5,NULL,"win",4098
1254108,2021,6,"Dubai","2021-09-26","Indian Premier League",39,"male","T20","T20",20,"2021","club","Dubai International Cricket Stadium",3,1,3,"field",1,54,NULL,"win",71
1254109,2021,6,"Dubai","2021-10-03","Indian Premier League",49,"male","T20","T20",20,"2021","club","Dubai International Cricket Stadium",2,2,6,"bat",6,NULL,6,"win",1580
1254110,2021,6,"Dubai","2021-10-04","Indian Premier League",50,"male","T20","T20",20,"2021","club","Dubai International Cricket Stadium",252,129,252,"field",252,NULL,3,"win",70
1254111,2021,6,"Dubai","2021-09-21","Indian Premier League",32,"male","T20","T20",20,"2021","club","Dubai International Cricket Stadium",494,134,494,"field",134,2,NULL,"win",4212
1254112,2021,6,"Sharjah","2021-10-02","Indian Premier League",46,"male","T20","T20",20,"2021","club","Sharjah Cricket Stadium",252,3,252,"field",252,NULL,4,"win",70
1254113,2021,6,"Sharjah","2021-09-24","Indian Premier League",35,"male","T20","T20",20,"2021","club","Sharjah Cricket Stadium",129,1,129,"field",129,NULL,6,"win",1393
1254114,2021,6,"Dubai","2021-10-10","Indian Premier League",NULL,"male","T20","T20",20,"2021","club","Dubai International Cricket Stadium",129,252,129,"field",129,NULL,4,"win",4119
1254115,2021,6,"Sharjah","2021-10-11","Indian Premier League",NULL,"male","T20","T20",20,"2021","club","Sharjah Cricket Stadium",1,1,6,"bat",6,NULL,4,"win",65
1254116,2021,6,"Sharjah","2021-10-13","Indian Premier League",NULL,"male","T20","T20",20,"2021","club","Sharjah Cricket Stadium",6,252,6,"field",6,NULL,3,"win",5986
1254117,2021,6,"Dubai","2021-10-15","Indian Premier League",NULL,"male","T20","T20",20,"2021","club","Dubai International Cricket Stadium",6,129,6,"field",129,27,NULL,"win",267
1304047,2022,6,"Mumbai","2022-03-26","Indian Premier League",1,"male","T20","T20",20,"2022","club","Wankhede Stadium, Mumbai",6,129,6,"field",6,NULL,6,"win",318
1304048,2022,6,"Mumbai","2022-03-27","Indian Premier League",2,"male","T20","T20",20,"2022","club","Brabourne Stadium, Mumbai",252,3,252,"field",252,NULL,4,"win",64
1304049,2022,6,"Mumbai","2022-03-27","Indian Premier League",3,"male","T20","T20",20,"2022","club","Dr DY Patil Sports Academy, Mumbai",494,1,494,"field",494,NULL,5,"win",6717
1304050,2022,6,"Mumbai","2022-03-28","Indian Premier League",4,"male","T20","T20",20,"2022","club","Wankhede Stadium, Mumbai",615,614,615,"field",615,NULL,5,"win",460
1304051,2022,6,"Pune","2022-03-29","Indian Premier League",5,"male","T20","T20",20,"2022","club","Maharashtra Cricket Association Stadium, Pune",2,134,2,"field",134,61,NULL,"win",180
1304052,2022,6,"Mumbai","2022-03-30","Indian Premier League",6,"male","T20","T20",20,"2022","club","Dr DY Patil Sports Academy, Mumbai",1,6,1,"field",1,NULL,3,"win",5980
1304053,2022,6,"Mumbai","2022-03-31","Indian Premier League",7,"male","T20","T20",20,"2022","club","Brabourne Stadium, Mumbai",614,129,614,"field",614,NULL,6,"win",1377
1304054,2022,6,"Mumbai","2022-04-01","Indian Premier League",8,"male","T20","T20",20,"2022","club","Wankhede Stadium, Mumbai",6,494,6,"field",6,NULL,6,"win",318
1304055,2022,6,"Mumbai","2022-04-02","Indian Premier League",9,"male","T20","T20",20,"2022","club","Dr DY Patil Sports Academy, Mumbai",3,134,3,"field",134,23,NULL,"win",24
1304056,2022,6,"Pune","2022-04-02","Indian Premier League",10,"male","T20","T20",20,"2022","club","Maharashtra Cricket Association Stadium, Pune",252,615,252,"field",615,14,NULL,"win",361
1304057,2022,6,"Mumbai","2022-04-03","Indian Premier League",11,"male","T20","T20",20,"2022","club","Brabourne Stadium, Mumbai",129,494,129,"field",494,54,NULL,"win",3284
1304058,2022,6,"Mumbai","2022-04-04","Indian Premier League",12,"male","T20","T20",20,"2022","club","Dr DY Patil Sports Academy, Mumbai",2,614,2,"field",614,12,NULL,"win",1286
1304059,2022,6,"Mumbai","2022-04-05","Indian Premier League",13,"male","T20","T20",20,"2022","club","Wankhede Stadium, Mumbai",1,134,1,"field",1,NULL,4,"win",49
1304060,2022,6,"Pune","2022-04-06","Indian Premier League",14,"male","T20","T20",20,"2022","club","Maharashtra Cricket Association Stadium, Pune",6,3,6,"field",6,NULL,5,"win",184
1304061,2022,6,"Mumbai","2022-04-07","Indian Premier League",15,"male","T20","T20",20,"2022","club","Dr DY Patil Sports Academy, Mumbai",614,252,614,"field",614,NULL,6,"win",1421
1304062,2022,6,"Mumbai","2022-04-08","Indian Premier League",16,"male","T20","T20",20,"2022","club","Brabourne Stadium, Mumbai",615,494,615,"field",615,NULL,6,"win",1580
1304063,2022,6,"Mumbai","2022-04-09","Indian Premier League",17,"male","T20","T20",20,"2022","club","Dr DY Patil Sports Academy, Mumbai",2,129,2,"field",2,NULL,8,"win",2349
1304064,2022,6,"Pune","2022-04-09","Indian Premier League",18,"male","T20","T20",20,"2022","club","Maharashtra Cricket Association Stadium, Pune",1,3,1,"field",1,NULL,7,"win",5935
1304065,2022,6,"Mumbai","2022-04-10","Indian Premier League",19,"male","T20","T20",20,"2022","club","Brabourne Stadium, Mumbai",6,252,6,"field",252,44,NULL,"win",64
1304066,2022,6,"Mumbai","2022-04-10","Indian Premier League",20,"male","T20","T20",20,"2022","club","Wankhede Stadium, Mumbai",614,134,614,"field",134,3,NULL,"win",10
1304067,2022,6,"Mumbai","2022-04-11","Indian Premier League",21,"male","T20","T20",20,"2022","club","Dr DY Patil Sports Academy, Mumbai",2,615,2,"field",2,NULL,8,"win",531
1304068,2022,6,"Mumbai","2022-04-12","Indian Premier League",22,"male","T20","T20",20,"2022","club","Dr DY Patil Sports Academy, Mumbai",1,129,1,"field",129,23,NULL,"win",2701
1304069,2022,6,"Pune","2022-04-13","Indian Premier League",23,"male","T20","T20",20,"2022","club","Maharashtra Cricket Association Stadium, Pune",3,494,3,"field",494,12,NULL,"win",35
1304070,2022,6,"Mumbai","2022-04-14","Indian Premier League",24,"male","T20","T20",20,"2022","club","Dr DY Patil Sports Academy, Mumbai",134,615,134,"field",615,37,NULL,"win",30
1304071,2022,6,"Mumbai","2022-04-15","Indian Premier League",25,"male","T20","T20",20,"2022","club","Brabourne Stadium, Mumbai",2,6,2,"field",2,NULL,7,"win",268
1304072,2022,6,"Mumbai","2022-04-16","Indian Premier League",26,"male","T20","T20",20,"2022","club","Brabourne Stadium, Mumbai",3,614,3,"field",614,18,NULL,"win",1409
1304073,2022,6,"Mumbai","2022-04-16","Indian Premier League",27,"male","T20","T20",20,"2022","club","Wankhede Stadium, Mumbai",252,1,252,"field",1,16,NULL,"win",49
1304074,2022,6,"Mumbai","2022-04-17","Indian Premier League",28,"male","T20","T20",20,"2022","club","Dr DY Patil Sports Academy, Mumbai",2,494,2,"field",2,NULL,7,"win",6017
1304075,2022,6,"Pune","2022-04-17","Indian Premier League",29,"male","T20","T20",20,"2022","club","Maharashtra Cricket Association Stadium, Pune",615,129,615,"field",615,NULL,3,"win",72
1304076,2022,6,"Mumbai","2022-04-18","Indian Premier League",30,"male","T20","T20",20,"2022","club","Brabourne Stadium, Mumbai",6,134,6,"field",134,7,NULL,"win",10
1304077,2022,6,"Mumbai","2022-04-19","Indian Premier League",31,"male","T20","T20",20,"2022","club","Dr DY Patil Sports Academy, Mumbai",614,1,614,"field",1,18,NULL,"win",267
1304078,2022,6,"Mumbai","2022-04-20","Indian Premier League",32,"male","T20","T20",20,"2022","club","Brabourne Stadium, Mumbai",252,494,252,"field",252,NULL,9,"win",64
1304079,2022,6,"Navi Mumbai","2022-04-21","Indian Premier League",33,"male","T20","T20",20,"2022","club","Dr DY Patil Sports Academy, Mumbai",129,3,129,"field",129,NULL,3,"win",6798
1304080,2022,6,"Mumbai","2022-04-22","Indian Premier League",34,"male","T20","T20",20,"2022","club","Wankhede Stadium, Mumbai",252,134,252,"field",134,15,NULL,"win",24
1304081,2022,6,"Navi Mumbai","2022-04-23","Indian Premier League",35,"male","T20","T20",20,"2022","club","Dr DY Patil Sports Academy, Mumbai",615,615,6,"bat",615,8,NULL,"win",22
1304082,2022,6,"Mumbai","2022-04-23","Indian Premier League",36,"male","T20","T20",20,"2022","club","Brabourne Stadium, Mumbai",2,1,2,"field",2,NULL,9,"win",5343
1304083,2022,6,"Mumbai","2022-04-24","Indian Premier League",37,"male","T20","T20",20,"2022","club","Wankhede Stadium, Mumbai",3,614,3,"field",614,36,NULL,"win",1409
1304084,2022,6,"Mumbai","2022-04-25","Indian Premier League",38,"male","T20","T20",20,"2022","club","Wankhede Stadium, Mumbai",129,494,129,"field",494,11,NULL,"win",13
1304085,2022,6,"Pune","2022-04-26","Indian Premier League",39,"male","T20","T20",20,"2022","club","Maharashtra Cricket Association Stadium, Pune",1,134,1,"field",134,29,NULL,"win",3230
1304086,2022,6,"Mumbai","2022-04-27","Indian Premier League",40,"male","T20","T20",20,"2022","club","Wankhede Stadium, Mumbai",615,2,615,"field",615,NULL,5,"win",6017
1304087,2022,6,"Mumbai","2022-04-28","Indian Premier League",41,"male","T20","T20",20,"2022","club","Wankhede Stadium, Mumbai",252,6,252,"field",252,NULL,4,"win",64
1304088,2022,6,"Pune","2022-04-29","Indian Premier League",42,"male","T20","T20",20,"2022","club","Maharashtra Cricket Association Stadium, Pune",494,614,494,"field",614,20,NULL,"win",28
1304089,2022,6,"Mumbai","2022-04-30","Indian Premier League",43,"male","T20","T20",20,"2022","club","Brabourne Stadium, Mumbai",1,1,615,"bat",615,NULL,6,"win",1119
1304090,2022,6,"Navi Mumbai","2022-04-30","Indian Premier League",44,"male","T20","T20",20,"2022","club","Dr DY Patil Sports Academy, Mumbai",3,134,3,"field",3,NULL,5,"win",61
1304091,2022,6,"Mumbai","2022-05-01","Indian Premier League",45,"male","T20","T20",20,"2022","club","Wankhede Stadium, Mumbai",614,614,252,"bat",614,6,NULL,"win",6730
1304092,2022,6,"Pune","2022-05-01","Indian Premier League",46,"male","T20","T20",20,"2022","club","Maharashtra Cricket Association Stadium, Pune",2,129,2,"field",129,13,NULL,"win",4119
1304093,2022,6,"Mumbai","2022-05-02","Indian Premier League",47,"male","T20","T20",20,"2022","club","Wankhede Stadium, Mumbai",6,134,6,"field",6,NULL,7,"win",1436
1304094,2022,6,"Navi Mumbai","2022-05-03","Indian Premier League",48,"male","T20","T20",20,"2022","club","Dr DY Patil Sports Academy, Mumbai",615,615,494,"bat",494,NULL,8,"win",590
1304095,2022,6,"Pune","2022-05-04","Indian Premier League",49,"male","T20","T20",20,"2022","club","Maharashtra Cricket Association Stadium, Pune",129,1,129,"field",1,13,NULL,"win",1285
1304096,2022,6,"Mumbai","2022-05-05","Indian Premier League",50,"male","T20","T20",20,"2022","club","Brabourne Stadium, Mumbai",2,252,2,"field",252,21,NULL,"win",12
1304097,2022,6,"Mumbai","2022-05-06","Indian Premier League",51,"male","T20","T20",20,"2022","club","Brabourne Stadium, Mumbai",615,3,615,"field",3,5,NULL,"win",6550
1304098,2022,6,"Mumbai","2022-05-07","Indian Premier League",52,"male","T20","T20",20,"2022","club","Wankhede Stadium, Mumbai",494,494,134,"bat",134,NULL,6,"win",4104
1304099,2022,6,"Pune","2022-05-07","Indian Premier League",53,"male","T20","T20",20,"2022","club","Maharashtra Cricket Association Stadium, Pune",6,614,6,"field",614,75,NULL,"win",1286
1304100,2022,6,"Mumbai","2022-05-08","Indian Premier League",54,"male","T20","T20",20,"2022","club","Wankhede Stadium, Mumbai",1,1,2,"bat",1,67,NULL,"win",5980
1304101,2022,6,"Navi Mumbai","2022-05-08","Indian Premier League",55,"male","T20","T20",20,"2022","club","Dr DY Patil Sports Academy, Mumbai",252,129,252,"field",129,91,NULL,"win",6657
1304102,2022,6,"Navi Mumbai","2022-05-09","Indian Premier League",56,"male","T20","T20",20,"2022","club","Dr DY Patil Sports Academy, Mumbai",3,6,3,"field",6,52,NULL,"win",33
1304103,2022,6,"Pune","2022-05-10","Indian Premier League",57,"male","T20","T20",20,"2022","club","Maharashtra Cricket Association Stadium, Pune",615,615,614,"bat",615,62,NULL,"win",1580
1304104,2022,6,"Navi Mumbai","2022-05-11","Indian Premier League",58,"male","T20","T20",20,"2022","club","Dr DY Patil Sports Academy, Mumbai",252,134,252,"field",252,NULL,8,"win",4960
1304105,2022,6,"Mumbai","2022-05-12","Indian Premier League",59,"male","T20","T20",20,"2022","club","Wankhede Stadium, Mumbai",3,129,3,"field",3,NULL,5,"win",4320
1304106,2022,6,"Mumbai","2022-05-13","Indian Premier League",60,"male","T20","T20",20,"2022","club","Brabourne Stadium, Mumbai",1,494,1,"field",494,54,NULL,"win",2719
1304107,2022,6,"Pune","2022-05-14","Indian Premier League",61,"male","T20","T20",20,"2022","club","Maharashtra Cricket Association Stadium, Pune",6,6,2,"bat",6,54,NULL,"win",1437
1304108,2022,6,"Mumbai","2022-05-15","Indian Premier League",62,"male","T20","T20",20,"2022","club","Wankhede Stadium, Mumbai",129,129,615,"bat",615,NULL,7,"win",69
1304109,2022,6,"Mumbai","2022-05-15","Indian Premier League",63,"male","T20","T20",20,"2022","club","Brabourne Stadium, Mumbai",134,134,614,"bat",134,24,NULL,"win",66
1304110,2022,6,"Navi Mumbai","2022-05-16","Indian Premier League",64,"male","T20","T20",20,"2022","club","Dr DY Patil Sports Academy, Mumbai",494,252,494,"field",252,17,NULL,"win",360
1304111,2022,6,"Mumbai","2022-05-17","Indian Premier League",65,"male","T20","T20",20,"2022","club","Wankhede Stadium, Mumbai",3,2,3,"field",2,3,NULL,"win",268
1304112,2022,6,"Navi Mumbai","2022-05-18","Indian Premier League",66,"male","T20","T20",20,"2022","club","Dr DY Patil Sports Academy, Mumbai",614,614,6,"bat",614,2,NULL,"win",1421
1304113,2022,6,"Mumbai","2022-05-19","Indian Premier League",67,"male","T20","T20",20,"2022","club","Wankhede Stadium, Mumbai",615,615,1,"bat",1,NULL,8,"win",332
1304114,2022,6,"Mumbai","2022-05-20","Indian Premier League",68,"male","T20","T20",20,"2022","club","Brabourne Stadium, Mumbai",129,129,134,"bat",134,NULL,5,"win",1416
1304115,2022,6,"Mumbai","2022-05-21","Indian Premier League",69,"male","T20","T20",20,"2022","club","Wankhede Stadium, Mumbai",3,252,3,"field",3,NULL,5,"win",33
1304116,2022,6,"Mumbai","2022-05-22","Indian Premier League",70,"male","T20","T20",20,"2022","club","Wankhede Stadium, Mumbai",2,2,494,"bat",494,NULL,5,"win",3495
1312197,2022,6,"Kolkata","2022-05-24","Indian Premier League",NULL,"male","T20","T20",20,"2022","club","Eden Gardens, Kolkata",615,134,615,"field",615,NULL,7,"win",72
1312198,2022,6,"Kolkata","2022-05-25","Indian Premier League",NULL,"male","T20","T20",20,"2022","club","Eden Gardens, Kolkata",614,1,614,"field",1,14,NULL,"win",5349
1312199,2022,6,"Ahmedabad","2022-05-27","Indian Premier League",NULL,"male","T20","T20",20,"2022","club","Narendra Modi Stadium, Ahmedabad",134,1,134,"field",134,NULL,7,"win",24
1312200,2022,6,"Ahmedabad","2022-05-29","Indian Premier League",NULL,"male","T20","T20",20,"2022","club","Narendra Modi Stadium, Ahmedabad",134,134,615,"bat",615,NULL,7,"win",30
1359475,2023,6,"Ahmedabad","2023-03-31","Indian Premier League",1,"male","T20","T20",20,"2023","club","Narendra Modi Stadium, Ahmedabad",615,129,615,"field",615,NULL,5,"win",22
1359476,2023,6,"Chandigarh","2023-04-01","Indian Premier League",2,"male","T20","T20",20,"2023","club","Punjab Cricket Association IS Bindra Stadium, Mohali, Chandigarh",6,494,6,"field",494,7,NULL,"win",3388
1359477,2023,6,"Lucknow","2023-04-01","Indian Premier League",3,"male","T20","T20",20,"2023","club","Bharat Ratna Shri Atal Bihari Vajpayee Ekana Cricket Stadium, Lucknow",252,614,252,"field",614,50,NULL,"win",1396
1359478,2023,6,"Hyderabad","2023-04-02","Indian Premier League",4,"male","T20","T20",20,"2023","club","Rajiv Gandhi International Stadium, Uppal, Hyderabad",2,134,2,"field",134,72,NULL,"win",24
1359479,2023,6,"Bengaluru","2023-04-02","Indian Premier League",5,"male","T20","T20",20,"2023","club","M Chinnaswamy Stadium, Bengaluru",1,3,1,"field",1,NULL,8,"win",267
1359480,2023,6,"Chennai","2023-04-03","Indian Premier League",6,"male","T20","T20",20,"2023","club","MA Chidambaram Stadium, Chepauk, Chennai",614,129,614,"field",129,12,NULL,"win",2227
1359481,2023,6,"Delhi","2023-04-04","Indian Premier League",7,"male","T20","T20",20,"2023","club","Arun Jaitley Stadium, Delhi",615,252,615,"field",615,NULL,6,"win",6999
1359482,2023,6,"Guwahati","2023-04-05","Indian Premier League",8,"male","T20","T20",20,"2023","club","Barsapara Cricket Stadium, Guwahati",134,494,134,"field",494,5,NULL,"win",6245
1359483,2023,6,"Kolkata","2023-04-06","Indian Premier League",9,"male","T20","T20",20,"2023","club","Eden Gardens, Kolkata",1,6,1,"field",6,81,NULL,"win",360
1359484,2023,6,"Lucknow","2023-04-07","Indian Premier League",10,"male","T20","T20",20,"2023","club","Bharat Ratna Shri Atal Bihari Vajpayee Ekana Cricket Stadium, Lucknow",2,2,614,"bat",614,NULL,5,"win",28
1359485,2023,6,"Guwahati","2023-04-08","Indian Premier League",11,"male","T20","T20",20,"2023","club","Barsapara Cricket Stadium, Guwahati",252,134,252,"field",134,57,NULL,"win",4104
1359486,2023,6,"Mumbai","2023-04-08","Indian Premier League",12,"male","T20","T20",20,"2023","club","Wankhede Stadium, Mumbai",129,3,129,"field",129,NULL,7,"win",348
1359487,2023,6,"Ahmedabad","2023-04-09","Indian Premier League",13,"male","T20","T20",20,"2023","club","Narendra Modi Stadium, Ahmedabad",615,615,6,"bat",6,NULL,3,"win",1436
1359488,2023,6,"Hyderabad","2023-04-09","Indian Premier League",14,"male","T20","T20",20,"2023","club","Rajiv Gandhi International Stadium, Uppal, Hyderabad",2,494,2,"field",2,NULL,8,"win",13
1359489,2023,6,"Bengaluru","2023-04-10","Indian Premier League",15,"male","T20","T20",20,"2023","club","M Chinnaswamy Stadium, Bengaluru",614,1,614,"field",614,NULL,1,"win",2766
1359490,2023,6,"Delhi","2023-04-11","Indian Premier League",16,"male","T20","T20",20,"2023","club","Arun Jaitley Stadium, Delhi",3,252,3,"field",3,NULL,6,"win",25
1359491,2023,6,"Chennai","2023-04-12","Indian Premier League",17,"male","T20","T20",20,"2023","club","MA Chidambaram Stadium, Chepauk, Chennai",129,134,129,"field",134,3,NULL,"win",1416
1359492,2023,6,"Chandigarh","2023-04-13","Indian Premier League",18,"male","T20","T20",20,"2023","club","Punjab Cricket Association IS Bindra Stadium, Mohali, Chandigarh",615,494,615,"field",615,NULL,6,"win",75
1359493,2023,6,"Kolkata","2023-04-14","Indian Premier League",19,"male","T20","T20",20,"2023","club","Eden Gardens, Kolkata",6,2,6,"field",2,23,NULL,"win",8372
1359494,2023,6,"Bengaluru","2023-04-15","Indian Premier League",20,"male","T20","T20",20,"2023","club","M Chinnaswamy Stadium, Bengaluru",252,1,252,"field",1,23,NULL,"win",332
1359495,2023,6,"Lucknow","2023-04-15","Indian Premier League",21,"male","T20","T20",20,"2023","club","Bharat Ratna Shri Atal Bihari Vajpayee Ekana Cricket Stadium, Lucknow",494,614,494,"field",494,NULL,2,"win",8312
1359496,2023,6,"Mumbai","2023-04-16","Indian Premier League",22,"male","T20","T20",20,"2023","club","Wankhede Stadium, Mumbai",3,6,3,"field",3,NULL,5,"win",5986
1359497,2023,6,"Ahmedabad","2023-04-16","Indian Premier League",23,"male","T20","T20",20,"2023","club","Narendra Modi Stadium, Ahmedabad",134,615,134,"field",134,NULL,3,"win",2700
1359498,2023,6,"Bengaluru","2023-04-17","Indian Premier League",24,"male","T20","T20",20,"2023","club","M Chinnaswamy Stadium, Bengaluru",1,129,1,"field",129,8,NULL,"win",6657
1359499,2023,6,"Hyderabad","2023-04-18","Indian Premier League",25,"male","T20","T20",20,"2023","club","Rajiv Gandhi International Stadium, Uppal, Hyderabad",2,3,2,"field",3,14,NULL,"win",8383
1359500,2023,6,"Jaipur","2023-04-19","Indian Premier League",26,"male","T20","T20",20,"2023","club","Sawai Mansingh Stadium, Jaipur",134,614,134,"field",614,10,NULL,"win",73
1359501,2023,6,"Chandigarh","2023-04-20","Indian Premier League",27,"male","T20","T20",20,"2023","club","Punjab Cricket Association IS Bindra Stadium, Mohali, Chandigarh",494,1,494,"field",1,24,NULL,"win",538
1359502,2023,6,"Delhi","2023-04-20","Indian Premier League",28,"male","T20","T20",20,"2023","club","Arun Jaitley Stadium, Delhi",252,6,252,"field",252,NULL,4,"win",308
1359503,2023,6,"Chennai","2023-04-21","Indian Premier League",29,"male","T20","T20",20,"2023","club","MA Chidambaram Stadium, Chepauk, Chennai",129,2,129,"field",129,NULL,7,"win",348
1359504,2023,6,"Lucknow","2023-04-22","Indian Premier League",30,"male","T20","T20",20,"2023","club","Bharat Ratna Shri Atal Bihari Vajpayee Ekana Cricket Stadium, Lucknow",615,615,614,"bat",615,7,NULL,"win",75
1359505,2023,6,"Mumbai","2023-04-22","Indian Premier League",31,"male","T20","T20",20,"2023","club","Wankhede Stadium, Mumbai",3,494,3,"field",494,13,NULL,"win",2768
1359506,2023,6,"Bengaluru","2023-04-23","Indian Premier League",32,"male","T20","T20",20,"2023","club","M Chinnaswamy Stadium, Bengaluru",134,1,134,"field",1,7,NULL,"win",71
1359507,2023,6,"Kolkata","2023-04-23","Indian Premier League",33,"male","T20","T20",20,"2023","club","Eden Gardens, Kolkata",6,129,6,"field",129,49,NULL,"win",34
1359508,2023,6,"Hyderabad","2023-04-24","Indian Premier League",34,"male","T20","T20",20,"2023","club","Rajiv Gandhi International Stadium, Uppal, Hyderabad",252,252,2,"bat",252,7,NULL,"win",70
1359509,2023,6,"Ahmedabad","2023-04-25","Indian Premier League",35,"male","T20","T20",20,"2023","club","Narendra Modi Stadium, Ahmedabad",3,615,3,"field",615,55,NULL,"win",6739
1359510,2023,6,"Bengaluru","2023-04-26","Indian Premier League",36,"male","T20","T20",20,"2023","club","M Chinnaswamy Stadium, Bengaluru",1,6,1,"field",6,21,NULL,"win",2825
1359511,2023,6,"Jaipur","2023-04-27","Indian Premier League",37,"male","T20","T20",20,"2023","club","Sawai Mansingh Stadium, Jaipur",134,134,129,"bat",134,32,NULL,"win",4104
1359512,2023,6,"Chandigarh","2023-04-28","Indian Premier League",38,"male","T20","T20",20,"2023","club","Punjab Cricket Association IS Bindra Stadium, Mohali, Chandigarh",494,614,494,"field",614,56,NULL,"win",73
1359513,2023,6,"Kolkata","2023-04-29","Indian Premier League",39,"male","T20","T20",20,"2023","club","Eden Gardens, Kolkata",615,6,615,"field",615,NULL,7,"win",8305
1359514,2023,6,"Delhi","2023-04-29","Indian Premier League",40,"male","T20","T20",20,"2023","club","Arun Jaitley Stadium, Delhi",2,2,252,"bat",2,9,NULL,"win",4960
1359515,2023,6,"Chennai","2023-04-30","Indian Premier League",41,"male","T20","T20",20,"2023","club","MA Chidambaram Stadium, Chepauk, Chennai",129,129,494,"bat",494,NULL,4,"win",6657
1359516,2023,6,"Mumbai","2023-04-30","Indian Premier League",42,"male","T20","T20",20,"2023","club","Wankhede Stadium, Mumbai",134,134,3,"bat",3,NULL,6,"win",4104
1359517,2023,6,"Lucknow","2023-05-01","Indian Premier League",43,"male","T20","T20",20,"2023","club","Bharat Ratna Shri Atal Bihari Vajpayee Ekana Cricket Stadium, Lucknow",1,1,614,"bat",1,18,NULL,"win",267
1359518,2023,6,"Ahmedabad","2023-05-02","Indian Premier League",44,"male","T20","T20",20,"2023","club","Narendra Modi Stadium, Ahmedabad",252,252,615,"bat",252,5,NULL,"win",460
1359519,2023,6,"Lucknow","2023-05-03","Indian Premier League",45,"male","T20","T20",20,"2023","club","Bharat Ratna Shri Atal Bihari Vajpayee Ekana Cricket Stadium, Lucknow",129,614,129,"field",129,NULL,NULL,"no result",NULL
1359520,2023,6,"Chandigarh","2023-05-03","Indian Premier League",46,"male","T20","T20",20,"2023","club","Punjab Cricket Association IS Bindra Stadium, Mohali, Chandigarh",3,494,3,"field",3,NULL,6,"win",347
1359521,2023,6,"Hyderabad","2023-05-04","Indian Premier League",47,"male","T20","T20",20,"2023","club","Rajiv Gandhi International Stadium, Uppal, Hyderabad",6,6,2,"bat",6,5,NULL,"win",2825
1359522,2023,6,"Jaipur","2023-05-05","Indian Premier League",48,"male","T20","T20",20,"2023","club","Sawai Mansingh Stadium, Jaipur",134,134,615,"bat",615,NULL,9,"win",22
1359523,2023,6,"Chennai","2023-05-06","Indian Premier League",49,"male","T20","T20",20,"2023","club","MA Chidambaram Stadium, Chepauk, Chennai",129,3,129,"field",129,NULL,6,"win",8007
1359524,2023,6,"Delhi","2023-05-06","Indian Premier League",50,"male","T20","T20",20,"2023","club","Arun Jaitley Stadium, Delhi",1,1,252,"bat",252,NULL,7,"win",8945
1359525,2023,6,"Ahmedabad","2023-05-07","Indian Premier League",51,"male","T20","T20",20,"2023","club","Narendra Modi Stadium, Ahmedabad",614,615,614,"field",615,56,NULL,"win",1580
1359526,2023,6,"Jaipur","2023-05-07","Indian Premier League",52,"male","T20","T20",20,"2023","club","Sawai Mansingh Stadium, Jaipur",134,134,2,"bat",2,NULL,4,"win",6033
1359527,2023,6,"Kolkata","2023-05-08","Indian Premier League",53,"male","T20","T20",20,"2023","club","Eden Gardens, Kolkata",494,494,6,"bat",6,NULL,5,"win",1437
1359528,2023,6,"Mumbai","2023-05-09","Indian Premier League",54,"male","T20","T20",20,"2023","club","Wankhede Stadium, Mumbai",3,1,3,"field",3,NULL,6,"win",61
1359529,2023,6,"Chennai","2023-05-10","Indian Premier League",55,"male","T20","T20",20,"2023","club","MA Chidambaram Stadium, Chepauk, Chennai",129,129,252,"bat",129,27,NULL,"win",348
1359530,2023,6,"Kolkata","2023-05-11","Indian Premier League",56,"male","T20","T20",20,"2023","club","Eden Gardens, Kolkata",134,6,134,"field",134,NULL,9,"win",4104
1359531,2023,6,"Mumbai","2023-05-12","Indian Premier League",57,"male","T20","T20",20,"2023","club","Wankhede Stadium, Mumbai",615,3,615,"field",3,27,NULL,"win",61
1359532,2023,6,"Hyderabad","2023-05-13","Indian Premier League",58,"male","T20","T20",20,"2023","club","Rajiv Gandhi International Stadium, Uppal, Hyderabad",2,2,614,"bat",614,NULL,7,"win",8191
1359533,2023,6,"Delhi","2023-05-13","Indian Premier League",59,"male","T20","T20",20,"2023","club","Arun Jaitley Stadium, Delhi",252,494,252,"field",494,31,NULL,"win",3747
1359534,2023,6,"Jaipur","2023-05-14","Indian Premier League",60,"male","T20","T20",20,"2023","club","Sawai Mansingh Stadium, Jaipur",1,1,134,"bat",1,112,NULL,"win",8626
1359535,2023,6,"Chennai","2023-05-14","Indian Premier League",61,"male","T20","T20",20,"2023","club","MA Chidambaram Stadium, Chepauk, Chennai",129,129,6,"bat",6,NULL,6,"win",1436
1359536,2023,6,"Ahmedabad","2023-05-15","Indian Premier League",62,"male","T20","T20",20,"2023","club","Narendra Modi Stadium, Ahmedabad",2,615,2,"field",615,34,NULL,"win",1580
1359537,2023,6,"Lucknow","2023-05-16","Indian Premier League",63,"male","T20","T20",20,"2023","club","Bharat Ratna Shri Atal Bihari Vajpayee Ekana Cricket Stadium, Lucknow",3,614,3,"field",614,5,NULL,"win",73
1359538,2023,6,"Dharamsala","2023-05-17","Indian Premier League",64,"male","T20","T20",20,"2023","club","Himachal Pradesh Cricket Association Stadium, Dharamsala",494,252,494,"field",252,15,NULL,"win",8349
1359539,2023,6,"Hyderabad","2023-05-18","Indian Premier League",65,"male","T20","T20",20,"2023","club","Rajiv Gandhi International Stadium, Uppal, Hyderabad",1,2,1,"field",1,NULL,8,"win",332
1359540,2023,6,"Dharamsala","2023-05-19","Indian Premier League",66,"male","T20","T20",20,"2023","club","Himachal Pradesh Cricket Association Stadium, Dharamsala",134,494,134,"field",134,NULL,4,"win",4071
1359541,2023,6,"Delhi","2023-05-20","Indian Premier League",67,"male","T20","T20",20,"2023","club","Arun Jaitley Stadium, Delhi",129,129,252,"bat",129,77,NULL,"win",4119
1359542,2023,6,"Kolkata","2023-05-20","Indian Premier League",68,"male","T20","T20",20,"2023","club","Eden Gardens, Kolkata",6,614,6,"field",614,1,NULL,"win",2766
1359543,2023,6,"Mumbai","2023-05-21","Indian Premier League",69,"male","T20","T20",20,"2023","club","Wankhede Stadium, Mumbai",3,2,3,"field",3,NULL,8,"win",8383
1359544,2023,6,"Bengaluru","2023-05-21","Indian Premier League",70,"male","T20","T20",20,"2023","club","M Chinnaswamy Stadium, Bengaluru",615,1,615,"field",615,NULL,6,"win",1580
1370350,2023,6,"Chennai","2023-05-23","Indian Premier League",NULL,"male","T20","T20",20,"2023","club","MA Chidambaram Stadium, Chepauk, Chennai",615,129,615,"field",129,15,NULL,"win",4119
1370351,2023,6,"Chennai","2023-05-24","Indian Premier League",NULL,"male","T20","T20",20,"2023","club","MA Chidambaram Stadium, Chepauk, Chennai",3,3,614,"bat",3,81,NULL,"win",9371
1370352,2023,6,"Ahmedabad","2023-05-26","Indian Premier League",NULL,"male","T20","T20",20,"2023","club","Narendra Modi Stadium, Ahmedabad",3,615,3,"field",615,62,NULL,"win",1580
1370353,2023,6,"Ahmedabad","2023-05-29","Indian Premier League",NULL,"male","T20","T20",20,"2023","club","Narendra Modi Stadium, Ahmedabad",129,615,129,"field",129,NULL,5,"win",6657
1422119,2024,6,"Chennai","2024-03-22","Indian Premier League",1,"male","T20","T20",20,"2024","club","MA Chidambaram Stadium, Chepauk, Chennai",1,1,129,"bat",129,NULL,6,"win",297
1422120,2024,6,"Mohali","2024-03-23","Indian Premier League",2,"male","T20","T20",20,"2024","club","Maharaja Yadavindra Singh International Cricket Stadium, Mullanpur",494,252,494,"field",494,NULL,4,"win",2768
1422121,2024,6,"Kolkata","2024-03-23","Indian Premier League",3,"male","T20","T20",20,"2024","club","Eden Gardens, Kolkata",2,6,2,"field",6,4,NULL,"win",1437
1422122,2024,6,"Jaipur","2024-03-24","Indian Premier League",4,"male","T20","T20",20,"2024","club","Sawai Mansingh Stadium, Jaipur",134,134,614,"bat",134,20,NULL,"win",180
1422123,2024,6,"Ahmedabad","2024-03-24","Indian Premier League",5,"male","T20","T20",20,"2024","club","Narendra Modi Stadium, Ahmedabad",3,615,3,"field",615,6,NULL,"win",6999
1422124,2024,6,"Bengaluru","2024-03-25","Indian Premier League",6,"male","T20","T20",20,"2024","club","M Chinnaswamy Stadium, Bengaluru",1,494,1,"field",1,NULL,4,"win",332
1422125,2024,6,"Chennai","2024-03-26","Indian Premier League",7,"male","T20","T20",20,"2024","club","MA Chidambaram Stadium, Chepauk, Chennai",615,129,615,"field",129,63,NULL,"win",2701
1422126,2024,6,"Hyderabad","2024-03-27","Indian Premier League",8,"male","T20","T20",20,"2024","club","Rajiv Gandhi International Stadium, Uppal, Hyderabad",3,2,3,"field",2,31,NULL,"win",2349
1422127,2024,6,"Jaipur","2024-03-28","Indian Premier League",9,"male","T20","T20",20,"2024","club","Sawai Mansingh Stadium, Jaipur",252,134,252,"field",134,12,NULL,"win",3230
1422128,2024,6,"Bengaluru","2024-03-29","Indian Premier League",10,"male","T20","T20",20,"2024","club","M Chinnaswamy Stadium, Bengaluru",6,1,6,"field",6,NULL,7,"win",65
1422129,2024,6,"Lucknow","2024-03-30","Indian Premier League",11,"male","T20","T20",20,"2024","club","Bharat Ratna Shri Atal Bihari Vajpayee Ekana Cricket Stadium, Lucknow",614,614,494,"bat",614,21,NULL,"win",10302
1422130,2024,6,"Ahmedabad","2024-03-31","Indian Premier League",12,"male","T20","T20",20,"2024","club","Narendra Modi Stadium, Ahmedabad",2,2,615,"bat",615,NULL,7,"win",75
1422131,2024,6,"Visakhapatnam","2024-03-31","Indian Premier League",13,"male","T20","T20",20,"2024","club","Dr. Y.S. Rajasekhara Reddy ACA-VDCA Cricket Stadium, Visakhapatnam",252,252,129,"bat",252,20,NULL,"win",2662
1422132,2024,6,"Mumbai","2024-04-01","Indian Premier League",14,"male","T20","T20",20,"2024","club","Wankhede Stadium, Mumbai",134,3,134,"field",134,NULL,6,"win",66
1422133,2024,6,"Bengaluru","2024-04-02","Indian Premier League",15,"male","T20","T20",20,"2024","club","M Chinnaswamy Stadium, Bengaluru",1,614,1,"field",614,28,NULL,"win",10302
1422134,2024,6,"Visakhapatnam","2024-04-03","Indian Premier League",16,"male","T20","T20",20,"2024","club","Dr. Y.S. Rajasekhara Reddy ACA-VDCA Cricket Stadium, Visakhapatnam",6,6,252,"bat",6,106,NULL,"win",65
1422135,2024,6,"Ahmedabad","2024-04-04","Indian Premier League",17,"male","T20","T20",20,"2024","club","Narendra Modi Stadium, Ahmedabad",494,615,494,"field",494,NULL,3,"win",7024
1422136,2024,6,"Hyderabad","2024-04-05","Indian Premier League",18,"male","T20","T20",20,"2024","club","Rajiv Gandhi International Stadium, Uppal, Hyderabad",2,129,2,"field",2,NULL,6,"win",2349
1422137,2024,6,"Jaipur","2024-04-06","Indian Premier League",19,"male","T20","T20",20,"2024","club","Sawai Mansingh Stadium, Jaipur",134,1,134,"field",134,NULL,6,"win",24
1422138,2024,6,"Mumbai","2024-04-07","Indian Premier League",20,"male","T20","T20",20,"2024","club","Wankhede Stadium, Mumbai",252,3,252,"field",3,29,NULL,"win",6761
1422139,2024,6,"Lucknow","2024-04-07","Indian Premier League",21,"male","T20","T20",20,"2024","club","Bharat Ratna Shri Atal Bihari Vajpayee Ekana Cricket Stadium, Lucknow",614,614,615,"bat",614,33,NULL,"win",8425
1426260,2024,6,"Chennai","2024-04-08","Indian Premier League",22,"male","T20","T20",20,"2024","club","MA Chidambaram Stadium, Chepauk, Chennai",129,6,129,"field",129,NULL,7,"win",348
1426261,2024,6,"Mohali","2024-04-09","Indian Premier League",23,"male","T20","T20",20,"2024","club","Maharaja Yadavindra Singh International Cricket Stadium, Mullanpur",494,2,494,"field",2,2,NULL,"win",9824
1426262,2024,6,"Jaipur","2024-04-10","Indian Premier League",24,"male","T20","T20",20,"2024","club","Sawai Mansingh Stadium, Jaipur",615,134,615,"field",615,NULL,3,"win",22
1426263,2024,6,"Mumbai","2024-04-11","Indian Premier League",25,"male","T20","T20",20,"2024","club","Wankhede Stadium, Mumbai",3,1,3,"field",3,NULL,7,"win",33
1426264,2024,6,"Lucknow","2024-04-12","Indian Premier League",26,"male","T20","T20",20,"2024","club","Bharat Ratna Shri Atal Bihari Vajpayee Ekana Cricket Stadium, Lucknow",614,614,252,"bat",252,NULL,6,"win",64
1426265,2024,6,"Mohali","2024-04-13","Indian Premier League",27,"male","T20","T20",20,"2024","club","Maharaja Yadavindra Singh International Cricket Stadium, Mullanpur",134,494,134,"field",134,NULL,3,"win",2700
1426266,2024,6,"Kolkata","2024-04-14","Indian Premier League",28,"male","T20","T20",20,"2024","club","Eden Gardens, Kolkata",6,614,6,"field",6,NULL,8,"win",8945
1426267,2024,6,"Mumbai","2024-04-14","Indian Premier League",29,"male","T20","T20",20,"2024","club","Wankhede Stadium, Mumbai",3,129,3,"field",129,20,NULL,"win",8007
1426268,2024,6,"Bengaluru","2024-04-15","Indian Premier League",30,"male","T20","T20",20,"2024","club","M Chinnaswamy Stadium, Bengaluru",1,2,1,"field",2,25,NULL,"win",3
1426269,2024,6,"Kolkata","2024-04-16","Indian Premier League",31,"male","T20","T20",20,"2024","club","Eden Gardens, Kolkata",134,6,134,"field",134,NULL,2,"win",24
1426270,2024,6,"Ahmedabad","2024-04-17","Indian Premier League",32,"male","T20","T20",20,"2024","club","Narendra Modi Stadium, Ahmedabad",252,615,252,"field",252,NULL,6,"win",181
1426271,2024,6,"Mohali","2024-04-18","Indian Premier League",33,"male","T20","T20",20,"2024","club","Maharaja Yadavindra Singh International Cricket Stadium, Mullanpur",494,3,494,"field",3,9,NULL,"win",33
1426272,2024,6,"Lucknow","2024-04-19","Indian Premier League",34,"male","T20","T20",20,"2024","club","Bharat Ratna Shri Atal Bihari Vajpayee Ekana Cricket Stadium, Lucknow",614,129,614,"field",614,NULL,8,"win",1409
1426273,2024,6,"Delhi","2024-04-20","Indian Premier League",35,"male","T20","T20",20,"2024","club","Arun Jaitley Stadium, Delhi",252,2,252,"field",2,67,NULL,"win",3
1426274,2024,6,"Kolkata","2024-04-21","Indian Premier League",36,"male","T20","T20",20,"2024","club","Eden Gardens, Kolkata",1,6,1,"field",6,1,NULL,"win",1437
1426275,2024,6,"Mohali","2024-04-21","Indian Premier League",37,"male","T20","T20",20,"2024","club","Maharaja Yadavindra Singh International Cricket Stadium, Mullanpur",494,494,615,"bat",615,NULL,3,"win",7895
1426276,2024,6,"Jaipur","2024-04-22","Indian Premier League",38,"male","T20","T20",20,"2024","club","Sawai Mansingh Stadium, Jaipur",3,3,134,"bat",134,NULL,9,"win",76
1426277,2024,6,"Chennai","2024-04-23","Indian Premier League",39,"male","T20","T20",20,"2024","club","MA Chidambaram Stadium, Chepauk, Chennai",614,129,614,"field",614,NULL,6,"win",73
1426278,2024,6,"Delhi","2024-04-24","Indian Premier League",40,"male","T20","T20",20,"2024","club","Arun Jaitley Stadium, Delhi",615,252,615,"field",252,4,NULL,"win",181
1426279,2024,6,"Hyderabad","2024-04-25","Indian Premier League",41,"male","T20","T20",20,"2024","club","Rajiv Gandhi International Stadium, Uppal, Hyderabad",1,1,2,"bat",1,35,NULL,"win",5349
1426280,2024,6,"Kolkata","2024-04-26","Indian Premier League",42,"male","T20","T20",20,"2024","club","Eden Gardens, Kolkata",494,6,494,"field",494,NULL,8,"win",2719
1426281,2024,6,"Delhi","2024-04-27","Indian Premier League",43,"male","T20","T20",20,"2024","club","Arun Jaitley Stadium, Delhi",3,252,3,"field",252,10,NULL,"win",10667
1426282,2024,6,"Lucknow","2024-04-27","Indian Premier League",44,"male","T20","T20",20,"2024","club","Bharat Ratna Shri Atal Bihari Vajpayee Ekana Cricket Stadium, Lucknow",134,614,134,"field",134,NULL,7,"win",180
1426283,2024,6,"Ahmedabad","2024-04-28","Indian Premier League",45,"male","T20","T20",20,"2024","club","Narendra Modi Stadium, Ahmedabad",1,615,1,"field",1,NULL,9,"win",10630
1426284,2024,6,"Chennai","2024-04-28","Indian Premier League",46,"male","T20","T20",20,"2024","club","MA Chidambaram Stadium, Chepauk, Chennai",2,129,2,"field",129,78,NULL,"win",4119
1426285,2024,6,"Kolkata","2024-04-29","Indian Premier League",47,"male","T20","T20",20,"2024","club","Eden Gardens, Kolkata",252,252,6,"bat",6,NULL,7,"win",2825
1426286,2024,6,"Lucknow","2024-04-30","Indian Premier League",48,"male","T20","T20",20,"2024","club","Bharat Ratna Shri Atal Bihari Vajpayee Ekana Cricket Stadium, Lucknow",614,3,614,"field",614,NULL,4,"win",73
1426287,2024,6,"Chennai","2024-05-01","Indian Premier League",49,"male","T20","T20",20,"2024","club","MA Chidambaram Stadium, Chepauk, Chennai",494,129,494,"field",494,NULL,7,"win",3495
1426288,2024,6,"Hyderabad","2024-05-02","Indian Premier League",50,"male","T20","T20",20,"2024","club","Rajiv Gandhi International Stadium, Uppal, Hyderabad",2,2,134,"bat",2,1,NULL,"win",20
1426289,2024,6,"Mumbai","2024-05-03","Indian Premier League",51,"male","T20","T20",20,"2024","club","Wankhede Stadium, Mumbai",3,6,3,"field",6,24,NULL,"win",5986
1426290,2024,6,"Bengaluru","2024-05-04","Indian Premier League",52,"male","T20","T20",20,"2024","club","M Chinnaswamy Stadium, Bengaluru",1,615,1,"field",1,NULL,4,"win",538
1426291,2024,6,"Dharamsala","2024-05-05","Indian Premier League",53,"male","T20","T20",20,"2024","club","Himachal Pradesh Cricket Association Stadium, Dharamsala",494,129,494,"field",129,28,NULL,"win",348
1426292,2024,6,"Lucknow","2024-05-05","Indian Premier League",54,"male","T20","T20",20,"2024","club","Bharat Ratna Shri Atal Bihari Vajpayee Ekana Cricket Stadium, Lucknow",614,6,614,"field",6,98,NULL,"win",65
1426293,2024,6,"Mumbai","2024-05-06","Indian Premier League",55,"male","T20","T20",20,"2024","club","Wankhede Stadium, Mumbai",3,2,3,"field",3,NULL,7,"win",61
1426294,2024,6,"Delhi","2024-05-07","Indian Premier League",56,"male","T20","T20",20,"2024","club","Arun Jaitley Stadium, Delhi",134,252,134,"field",252,20,NULL,"win",64
1426295,2024,6,"Hyderabad","2024-05-08","Indian Premier League",57,"male","T20","T20",20,"2024","club","Rajiv Gandhi International Stadium, Uppal, Hyderabad",614,614,2,"bat",2,NULL,10,"win",3
1426296,2024,6,"Dharamsala","2024-05-09","Indian Premier League",58,"male","T20","T20",20,"2024","club","Himachal Pradesh Cricket Association Stadium, Dharamsala",494,1,494,"field",1,60,NULL,"win",332
1426297,2024,6,"Ahmedabad","2024-05-10","Indian Premier League",59,"male","T20","T20",20,"2024","club","Narendra Modi Stadium, Ahmedabad",129,615,129,"field",615,35,NULL,"win",1580
1426298,2024,6,"Kolkata","2024-05-11","Indian Premier League",60,"male","T20","T20",20,"2024","club","Eden Gardens, Kolkata",3,6,3,"field",6,18,NULL,"win",2825
1426299,2024,6,"Chennai","2024-05-12","Indian Premier League",61,"male","T20","T20",20,"2024","club","MA Chidambaram Stadium, Chepauk, Chennai",134,134,129,"bat",129,NULL,5,"win",7652
1426300,2024,6,"Bengaluru","2024-05-12","Indian Premier League",62,"male","T20","T20",20,"2024","club","M Chinnaswamy Stadium, Bengaluru",252,1,252,"field",1,47,NULL,"win",8383
1426302,2024,6,"Delhi","2024-05-14","Indian Premier League",64,"male","T20","T20",20,"2024","club","Arun Jaitley Stadium, Delhi",614,252,614,"field",252,19,NULL,"win",308
1426303,2024,6,"Guwahati","2024-05-15","Indian Premier League",65,"male","T20","T20",20,"2024","club","Barsapara Cricket Stadium, Guwahati",134,134,494,"bat",494,NULL,5,"win",2768
1426305,2024,6,"Mumbai","2024-05-17","Indian Premier League",67,"male","T20","T20",20,"2024","club","Wankhede Stadium, Mumbai",3,614,3,"field",614,18,NULL,"win",2766
1426306,2024,6,"Bengaluru","2024-05-18","Indian Premier League",68,"male","T20","T20",20,"2024","club","M Chinnaswamy Stadium, Bengaluru",129,1,129,"field",1,27,NULL,"win",267
1426307,2024,6,"Hyderabad","2024-05-19","Indian Premier League",69,"male","T20","T20",20,"2024","club","Rajiv Gandhi International Stadium, Uppal, Hyderabad",494,494,2,"bat",2,NULL,4,"win",2349
1426309,2024,6,"Ahmedabad","2024-05-21","Indian Premier League",NULL,"male","T20","T20",20,"2024","club","Narendra Modi Stadium, Ahmedabad",2,2,6,"bat",6,NULL,8,"win",10109
1426310,2024,6,"Ahmedabad","2024-05-22","Indian Premier League",NULL,"male","T20","T20",20,"2024","club","Narendra Modi Stadium, Ahmedabad",134,1,134,"field",134,NULL,4,"win",1416
1426311,2024,6,"Chennai","2024-05-24","Indian Premier League",NULL,"male","T20","T20",20,"2024","club","MA Chidambaram Stadium, Chepauk, Chennai",134,2,134,"field",2,36,NULL,"win",4310
1426312,2024,6,"Chennai","2024-05-26","Indian Premier League",NULL,"male","T20","T20",20,"2024","club","MA Chidambaram Stadium, Chepauk, Chennai",2,2,6,"bat",6,NULL,8,"win",10109
1473438,2025,6,"Kolkata","2025-03-22","Indian Premier League",1,"male","T20","T20",20,"2025","club","Eden Gardens, Kolkata",1,6,1,"field",1,NULL,7,"win",28
1473439,2025,6,"Hyderabad","2025-03-23","Indian Premier League",2,"male","T20","T20",20,"2025","club","Rajiv Gandhi International Stadium, Uppal, Hyderabad",134,2,134,"field",2,44,NULL,"win",347
1473440,2025,6,"Chennai","2025-03-23","Indian Premier League",3,"male","T20","T20",20,"2025","club","MA Chidambaram Stadium, Chepauk, Chennai",129,3,129,"field",129,NULL,4,"win",8809
1473441,2025,6,"Visakhapatnam","2025-03-24","Indian Premier League",4,"male","T20","T20",20,"2025","club","Dr. Y.S. Rajasekhara Reddy ACA-VDCA Cricket Stadium, Visakhapatnam",252,614,252,"field",252,NULL,1,"win",10456
1473442,2025,6,"Ahmedabad","2025-03-25","Indian Premier League",5,"male","T20","T20",20,"2025","club","Narendra Modi Stadium, Ahmedabad",615,494,615,"field",494,11,NULL,"win",389
1473443,2025,6,"Guwahati","2025-03-26","Indian Premier League",6,"male","T20","T20",20,"2025","club","Barsapara Cricket Stadium, Guwahati",6,134,6,"field",6,NULL,8,"win",1421
1473444,2025,6,"Hyderabad","2025-03-27","Indian Premier League",7,"male","T20","T20",20,"2025","club","Rajiv Gandhi International Stadium, Uppal, Hyderabad",614,2,614,"field",614,NULL,5,"win",360
1473445,2025,6,"Chennai","2025-03-28","Indian Premier League",8,"male","T20","T20",20,"2025","club","MA Chidambaram Stadium, Chepauk, Chennai",129,1,129,"field",1,50,NULL,"win",5349
335983,2008,6,"Chandigarh","2008-04-19","Indian Premier League",2,"male","T20","T20",20,"2008","club","Punjab Cricket Association Stadium, Mohali",129,494,129,"bat",129,33,NULL,"win",11943
335984,2008,6,"Delhi","2008-04-19","Indian Premier League",3,"male","T20","T20",20,"2008","club","Feroz Shah Kotla",134,252,134,"bat",252,NULL,9,"win",11982
335985,2008,6,"Mumbai","2008-04-20","Indian Premier League",5,"male","T20","T20",20,"2008","club","Wankhede Stadium",3,3,1,"bat",1,NULL,5,"win",11935
335986,2008,6,"Kolkata","2008-04-20","Indian Premier League",4,"male","T20","T20",20,"2008","club","Eden Gardens",2,6,2,"bat",6,NULL,5,"win",11922
335987,2008,6,"Jaipur","2008-04-21","Indian Premier League",6,"male","T20","T20",20,"2008","club","Sawai Mansingh Stadium",494,134,494,"bat",134,NULL,6,"win",5
335988,2008,6,"Hyderabad","2008-04-22","Indian Premier League",7,"male","T20","T20",20,"2008","club","Rajiv Gandhi International Stadium, Uppal",2,2,252,"bat",252,NULL,9,"win",11975
335989,2008,6,"Chennai","2008-04-23","Indian Premier League",8,"male","T20","T20",20,"2008","club","MA Chidambaram Stadium, Chepauk",3,129,3,"field",129,6,NULL,"win",11942
335990,2008,6,"Hyderabad","2008-04-24","Indian Premier League",9,"male","T20","T20",20,"2008","club","Rajiv Gandhi International Stadium, Uppal",134,2,134,"field",134,NULL,3,"win",60
335991,2008,6,"Chandigarh","2008-04-25","Indian Premier League",10,"male","T20","T20",20,"2008","club","Punjab Cricket Association Stadium, Mohali",3,494,3,"field",494,66,NULL,"win",11954
335992,2008,6,"Bangalore","2008-04-26","Indian Premier League",12,"male","T20","T20",20,"2008","club","M Chinnaswamy Stadium",134,1,134,"field",134,NULL,7,"win",5
335993,2008,6,"Chennai","2008-04-26","Indian Premier League",11,"male","T20","T20",20,"2008","club","MA Chidambaram Stadium, Chepauk",6,129,6,"bat",129,NULL,9,"win",11946
335994,2008,6,"Mumbai","2008-04-27","Indian Premier League",14,"male","T20","T20",20,"2008","club","Dr DY Patil Sports Academy",2,3,2,"field",2,NULL,10,"win",12007
335995,2008,6,"Chandigarh","2008-04-27","Indian Premier League",13,"male","T20","T20",20,"2008","club","Punjab Cricket Association Stadium, Mohali",252,494,252,"bat",494,NULL,4,"win",11956
335996,2008,6,"Bangalore","2008-04-28","Indian Premier League",15,"male","T20","T20",20,"2008","club","M Chinnaswamy Stadium",129,1,129,"bat",129,13,NULL,"win",38
335997,2008,6,"Kolkata","2008-04-29","Indian Premier League",16,"male","T20","T20",20,"2008","club","Eden Gardens",6,6,3,"bat",3,NULL,7,"win",11986
335998,2008,6,"Delhi","2008-04-30","Indian Premier League",17,"male","T20","T20",20,"2008","club","Feroz Shah Kotla",1,252,1,"field",252,10,NULL,"win",11984
335999,2008,6,"Hyderabad","2008-05-01","Indian Premier League",19,"male","T20","T20",20,"2008","club","Rajiv Gandhi International Stadium, Uppal",494,2,494,"field",494,NULL,7,"win",541
336000,2008,6,"Jaipur","2008-05-01","Indian Premier League",18,"male","T20","T20",20,"2008","club","Sawai Mansingh Stadium",134,134,6,"bat",134,45,NULL,"win",12327
336001,2008,6,"Chennai","2008-05-02","Indian Premier League",20,"male","T20","T20",20,"2008","club","MA Chidambaram Stadium, Chepauk",129,129,252,"bat",252,NULL,8,"win",11975
336002,2008,6,"Hyderabad","2008-05-25","Indian Premier League",51,"male","T20","T20",20,"2008","club","Rajiv Gandhi International Stadium, Uppal",2,2,1,"bat",1,NULL,5,"win",1242
336003,2008,6,"Chandigarh","2008-05-03","Indian Premier League",22,"male","T20","T20",20,"2008","club","Punjab Cricket Association Stadium, Mohali",494,494,6,"bat",494,9,NULL,"win",811
336004,2008,6,"Mumbai","2008-05-04","Indian Premier League",23,"male","T20","T20",20,"2008","club","Dr DY Patil Sports Academy",252,3,252,"field",3,29,NULL,"win",11991
336005,2008,6,"Jaipur","2008-05-04","Indian Premier League",24,"male","T20","T20",20,"2008","club","Sawai Mansingh Stadium",129,134,129,"bat",134,NULL,8,"win",12147
336006,2008,6,"Bangalore","2008-05-05","Indian Premier League",25,"male","T20","T20",20,"2008","club","M Chinnaswamy Stadium",494,1,494,"field",494,NULL,6,"win",11962
336007,2008,6,"Chennai","2008-05-06","Indian Premier League",26,"male","T20","T20",20,"2008","club","MA Chidambaram Stadium, Chepauk",2,129,2,"field",2,NULL,7,"win",12007
336008,2008,6,"Mumbai","2008-05-07","Indian Premier League",27,"male","T20","T20",20,"2008","club","Dr DY Patil Sports Academy",3,3,134,"field",3,NULL,7,"win",21
336009,2008,6,"Delhi","2008-05-08","Indian Premier League",28,"male","T20","T20",20,"2008","club","Feroz Shah Kotla",129,252,129,"field",129,NULL,4,"win",38
336010,2008,6,"Kolkata","2008-05-08","Indian Premier League",29,"male","T20","T20",20,"2008","club","Eden Gardens",6,6,1,"bat",6,5,NULL,"win",11919
336011,2008,6,"Jaipur","2008-05-09","Indian Premier League",30,"male","T20","T20",20,"2008","club","Sawai Mansingh Stadium",134,134,2,"field",134,NULL,8,"win",60
336012,2008,6,"Bangalore","2008-05-28","Indian Premier League",55,"male","T20","T20",20,"2008","club","M Chinnaswamy Stadium",3,1,3,"field",3,NULL,9,"win",12269
336013,2008,6,"Chennai","2008-05-10","Indian Premier League",31,"male","T20","T20",20,"2008","club","MA Chidambaram Stadium, Chepauk",494,129,494,"field",129,18,NULL,"win",12523
336014,2008,6,"Hyderabad","2008-05-11","Indian Premier League",32,"male","T20","T20",20,"2008","club","Rajiv Gandhi International Stadium, Uppal",6,2,6,"bat",6,23,NULL,"win",11919
336015,2008,6,"Jaipur","2008-05-11","Indian Premier League",33,"male","T20","T20",20,"2008","club","Sawai Mansingh Stadium",134,134,252,"field",134,NULL,3,"win",5
336016,2008,6,"Chandigarh","2008-05-12","Indian Premier League",34,"male","T20","T20",20,"2008","club","Punjab Cricket Association Stadium, Mohali",1,494,1,"bat",494,NULL,9,"win",541
336017,2008,6,"Kolkata","2008-05-13","Indian Premier League",35,"male","T20","T20",20,"2008","club","Eden Gardens",6,6,252,"bat",6,23,NULL,"win",12710
336018,2008,6,"Mumbai","2008-05-14","Indian Premier League",36,"male","T20","T20",20,"2008","club","Wankhede Stadium",3,3,129,"field",3,NULL,9,"win",11986
336019,2008,6,"Chandigarh","2008-05-28","Indian Premier League",56,"male","T20","T20",20,"2008","club","Punjab Cricket Association Stadium, Mohali",134,494,134,"field",494,41,NULL,"win",541
336020,2008,6,"Delhi","2008-05-15","Indian Premier League",37,"male","T20","T20",20,"2008","club","Feroz Shah Kotla",2,252,2,"field",252,12,NULL,"win",185
336021,2008,6,"Mumbai","2008-05-16","Indian Premier League",38,"male","T20","T20",20,"2008","club","Wankhede Stadium",3,3,6,"field",3,NULL,8,"win",11991
336022,2008,6,"Delhi","2008-05-17","Indian Premier League",40,"male","T20","T20",20,"2008","club","Feroz Shah Kotla",252,252,494,"bat",494,6,NULL,"win",12032
336023,2008,6,"Jaipur","2008-05-17","Indian Premier League",39,"male","T20","T20",20,"2008","club","Sawai Mansingh Stadium",1,134,1,"field",134,65,NULL,"win",12107
336024,2008,6,"Hyderabad","2008-05-18","Indian Premier League",42,"male","T20","T20",20,"2008","club","Rajiv Gandhi International Stadium, Uppal",2,2,3,"field",3,25,NULL,"win",1393
336025,2008,6,"Kolkata","2008-05-18","Indian Premier League",41,"male","T20","T20",20,"2008","club","Eden Gardens",6,6,129,"bat",129,3,NULL,"win",12345
336026,2008,6,"Bangalore","2008-05-19","Indian Premier League",43,"male","T20","T20",20,"2008","club","M Chinnaswamy Stadium",252,1,252,"field",252,NULL,5,"win",2295
336027,2008,6,"Kolkata","2008-05-20","Indian Premier League",44,"male","T20","T20",20,"2008","club","Eden Gardens",134,6,134,"field",134,NULL,6,"win",60
336028,2008,6,"Mumbai","2008-05-21","Indian Premier League",45,"male","T20","T20",20,"2008","club","Wankhede Stadium",3,3,494,"field",494,1,NULL,"win",541
336029,2008,6,"Chennai","2008-05-21","Indian Premier League",46,"male","T20","T20",20,"2008","club","MA Chidambaram Stadium, Chepauk",1,129,1,"bat",1,14,NULL,"win",12160
336031,2008,6,"Chandigarh","2008-05-23","Indian Premier League",48,"male","T20","T20",20,"2008","club","Punjab Cricket Association Stadium, Mohali",494,494,2,"field",494,NULL,6,"win",541
336032,2008,6,"Delhi","2008-05-24","Indian Premier League",50,"male","T20","T20",20,"2008","club","Feroz Shah Kotla",252,252,3,"field",252,NULL,5,"win",49
336033,2008,6,"Chennai","2008-05-24","Indian Premier League",49,"male","T20","T20",20,"2008","club","MA Chidambaram Stadium, Chepauk",134,129,134,"bat",134,10,NULL,"win",12234
336034,2008,6,"Bangalore","2008-05-03","Indian Premier League",21,"male","T20","T20",20,"2008","club","M Chinnaswamy Stadium",2,1,2,"field",1,3,NULL,"win",52
336035,2008,6,"Kolkata","2008-05-25","Indian Premier League",52,"male","T20","T20",20,"2008","club","Eden Gardens",494,6,494,"bat",6,NULL,3,"win",12323
336036,2008,6,"Jaipur","2008-05-26","Indian Premier League",53,"male","T20","T20",20,"2008","club","Sawai Mansingh Stadium",134,134,3,"field",134,NULL,5,"win",12147
336037,2008,6,"Hyderabad","2008-05-27","Indian Premier League",54,"male","T20","T20",20,"2008","club","Rajiv Gandhi International Stadium, Uppal",2,2,129,"bat",129,NULL,7,"win",47
336038,2008,6,"Mumbai","2008-05-30","Indian Premier League",NULL,"male","T20","T20",20,"2008","club","Wankhede Stadium",252,252,134,"field",134,105,NULL,"win",5
336039,2008,6,"Mumbai","2008-05-31","Indian Premier League",NULL,"male","T20","T20",20,"2008","club","Wankhede Stadium",494,129,494,"bat",129,NULL,9,"win",12345
336040,2008,6,"Mumbai","2008-06-01","Indian Premier League",NULL,"male","T20","T20",20,"2008","club","Dr DY Patil Sports Academy",134,129,134,"field",134,NULL,3,"win",60
392181,2009,6,"Cape Town","2009-04-18","Indian Premier League",1,"male","T20","T20",20,"2009","club","Newlands",129,129,3,"field",3,19,NULL,"win",12580
392182,2009,6,"Cape Town","2009-04-18","Indian Premier League",2,"male","T20","T20",20,"2009","club","Newlands",1,1,134,"bat",1,75,NULL,"win",11930
392183,2009,6,"Cape Town","2009-04-19","Indian Premier League",3,"male","T20","T20",20,"2009","club","Newlands",252,252,494,"field",252,NULL,10,"win",11981
392184,2009,6,"Cape Town","2009-04-19","Indian Premier League",4,"male","T20","T20",20,"2009","club","Newlands",6,2,6,"bat",2,NULL,8,"win",12016
392185,2009,6,"Port Elizabeth","2009-04-20","Indian Premier League",5,"male","T20","T20",20,"2009","club","St George's Park",129,1,129,"bat",129,92,NULL,"win",11951
392186,2009,6,"Durban","2009-04-21","Indian Premier League",6,"male","T20","T20",20,"2009","club","Kingsmead",6,494,6,"field",6,11,NULL,"win",1
392188,2009,6,"Cape Town","2009-04-22","Indian Premier League",8,"male","T20","T20",20,"2009","club","Newlands",2,1,2,"bat",2,24,NULL,"win",12007
392189,2009,6,"Durban","2009-04-23","Indian Premier League",9,"male","T20","T20",20,"2009","club","Kingsmead",252,129,252,"bat",252,9,NULL,"win",245
392190,2009,6,"Cape Town","2009-04-23","Indian Premier League",10,"male","T20","T20",20,"2009","club","Newlands",6,6,134,"field",134,NULL,NULL,"tie",60
392191,2009,6,"Durban","2009-04-24","Indian Premier League",11,"male","T20","T20",20,"2009","club","Kingsmead",1,1,494,"bat",494,NULL,7,"win",13250
392192,2009,6,"Durban","2009-04-25","Indian Premier League",12,"male","T20","T20",20,"2009","club","Kingsmead",2,2,3,"bat",2,12,NULL,"win",12017
392194,2009,6,"Port Elizabeth","2009-04-26","Indian Premier League",14,"male","T20","T20",20,"2009","club","St George's Park",1,1,252,"bat",252,NULL,6,"win",12650
392195,2009,6,"Cape Town","2009-04-26","Indian Premier League",15,"male","T20","T20",20,"2009","club","Newlands",494,494,134,"bat",494,27,NULL,"win",11954
392196,2009,6,"Durban","2009-04-27","Indian Premier League",16,"male","T20","T20",20,"2009","club","Kingsmead",2,129,2,"field",2,NULL,6,"win",12295
392197,2009,6,"Port Elizabeth","2009-04-27","Indian Premier League",17,"male","T20","T20",20,"2009","club","St George's Park",3,6,3,"bat",3,92,NULL,"win",12580
392198,2009,6,"Centurion","2009-04-28","Indian Premier League",18,"male","T20","T20",20,"2009","club","SuperSport Park",252,252,134,"bat",134,NULL,5,"win",60
392199,2009,6,"Durban","2009-04-29","Indian Premier League",19,"male","T20","T20",20,"2009","club","Kingsmead",6,1,6,"bat",1,NULL,5,"win",11935
392200,2009,6,"Durban","2009-04-29","Indian Premier League",20,"male","T20","T20",20,"2009","club","Kingsmead",494,494,3,"bat",494,3,NULL,"win",11954
392201,2009,6,"Centurion","2009-04-30","Indian Premier League",21,"male","T20","T20",20,"2009","club","SuperSport Park",252,2,252,"field",252,NULL,6,"win",13245
392202,2009,6,"Centurion","2009-04-30","Indian Premier League",22,"male","T20","T20",20,"2009","club","SuperSport Park",134,129,134,"field",129,38,NULL,"win",47
392203,2009,6,"East London","2009-05-01","Indian Premier League",23,"male","T20","T20",20,"2009","club","Buffalo Park",3,6,3,"bat",3,9,NULL,"win",1964
392204,2009,6,"Durban","2009-05-01","Indian Premier League",24,"male","T20","T20",20,"2009","club","Kingsmead",1,1,494,"bat",1,8,NULL,"win",15
392205,2009,6,"Port Elizabeth","2009-05-02","Indian Premier League",25,"male","T20","T20",20,"2009","club","St George's Park",2,2,134,"bat",134,NULL,3,"win",60
392206,2009,6,"Johannesburg","2009-05-02","Indian Premier League",26,"male","T20","T20",20,"2009","club","New Wanderers Stadium",252,129,252,"field",129,18,NULL,"win",53
392207,2009,6,"Port Elizabeth","2009-05-03","Indian Premier League",27,"male","T20","T20",20,"2009","club","St George's Park",6,494,6,"bat",494,NULL,6,"win",12032
392208,2009,6,"Johannesburg","2009-05-03","Indian Premier League",28,"male","T20","T20",20,"2009","club","New Wanderers Stadium",3,1,3,"bat",1,NULL,9,"win",11933
392209,2009,6,"East London","2009-05-04","Indian Premier League",29,"male","T20","T20",20,"2009","club","Buffalo Park",129,129,2,"bat",129,78,NULL,"win",38
392210,2009,6,"Durban","2009-05-05","Indian Premier League",30,"male","T20","T20",20,"2009","club","Kingsmead",494,494,134,"field",134,78,NULL,"win",12107
392211,2009,6,"Durban","2009-05-05","Indian Premier League",31,"male","T20","T20",20,"2009","club","Kingsmead",6,252,6,"bat",252,NULL,9,"win",56
392212,2009,6,"Centurion","2009-05-06","Indian Premier League",32,"male","T20","T20",20,"2009","club","SuperSport Park",2,2,3,"bat",2,19,NULL,"win",25
392213,2009,6,"Centurion","2009-05-07","Indian Premier League",33,"male","T20","T20",20,"2009","club","SuperSport Park",134,1,134,"field",134,NULL,7,"win",13810
392214,2009,6,"Centurion","2009-05-07","Indian Premier League",34,"male","T20","T20",20,"2009","club","SuperSport Park",129,129,494,"bat",129,12,NULL,"win",11942
392215,2009,6,"East London","2009-05-08","Indian Premier League",35,"male","T20","T20",20,"2009","club","Buffalo Park",3,252,3,"bat",252,NULL,7,"win",21
392216,2009,6,"Kimberley","2009-05-09","Indian Premier League",36,"male","T20","T20",20,"2009","club","De Beers Diamond Oval",494,2,494,"field",494,NULL,3,"win",12032
392217,2009,6,"Kimberley","2009-05-09","Indian Premier League",37,"male","T20","T20",20,"2009","club","De Beers Diamond Oval",134,129,134,"bat",129,NULL,7,"win",11947
392218,2009,6,"Port Elizabeth","2009-05-10","Indian Premier League",38,"male","T20","T20",20,"2009","club","St George's Park",3,1,3,"bat",3,16,NULL,"win",1964
392219,2009,6,"Johannesburg","2009-05-10","Indian Premier League",39,"male","T20","T20",20,"2009","club","New Wanderers Stadium",252,252,6,"field",252,NULL,7,"win",185
392220,2009,6,"Kimberley","2009-05-11","Indian Premier League",40,"male","T20","T20",20,"2009","club","De Beers Diamond Oval",2,2,134,"bat",2,53,NULL,"win",50
392221,2009,6,"Centurion","2009-05-12","Indian Premier League",41,"male","T20","T20",20,"2009","club","SuperSport Park",1,1,6,"field",1,NULL,6,"win",11998
392222,2009,6,"Centurion","2009-05-12","Indian Premier League",42,"male","T20","T20",20,"2009","club","SuperSport Park",494,494,3,"bat",3,NULL,8,"win",228
392223,2009,6,"Durban","2009-05-13","Indian Premier League",43,"male","T20","T20",20,"2009","club","Kingsmead",2,2,252,"field",252,12,NULL,"win",40
392224,2009,6,"Durban","2009-05-14","Indian Premier League",44,"male","T20","T20",20,"2009","club","Kingsmead",129,1,129,"bat",1,NULL,2,"win",11998
392225,2009,6,"Durban","2009-05-14","Indian Premier League",45,"male","T20","T20",20,"2009","club","Kingsmead",134,3,134,"bat",134,2,NULL,"win",11971
392226,2009,6,"Bloemfontein","2009-05-15","Indian Premier League",46,"male","T20","T20",20,"2009","club","OUTsurance Oval",494,252,494,"field",494,NULL,6,"win",11959
392227,2009,6,"Port Elizabeth","2009-05-16","Indian Premier League",47,"male","T20","T20",20,"2009","club","St George's Park",3,129,3,"bat",129,NULL,7,"win",11942
392228,2009,6,"Johannesburg","2009-05-16","Indian Premier League",48,"male","T20","T20",20,"2009","club","New Wanderers Stadium",2,2,6,"field",2,NULL,6,"win",25
392229,2009,6,"Johannesburg","2009-05-17","Indian Premier League",49,"male","T20","T20",20,"2009","club","New Wanderers Stadium",2,2,494,"field",494,1,NULL,"win",15
392230,2009,6,"Bloemfontein","2009-05-17","Indian Premier League",50,"male","T20","T20",20,"2009","club","OUTsurance Oval",252,252,134,"bat",252,14,NULL,"win",245
392231,2009,6,"Centurion","2009-05-18","Indian Premier League",51,"male","T20","T20",20,"2009","club","SuperSport Park",129,129,6,"bat",6,NULL,7,"win",12318
392232,2009,6,"Johannesburg","2009-05-19","Indian Premier League",52,"male","T20","T20",20,"2009","club","New Wanderers Stadium",252,1,252,"bat",1,NULL,7,"win",11933
392233,2009,6,"Durban","2009-05-20","Indian Premier League",53,"male","T20","T20",20,"2009","club","Kingsmead",6,6,134,"field",6,NULL,4,"win",11924
392234,2009,6,"Durban","2009-05-20","Indian Premier League",54,"male","T20","T20",20,"2009","club","Kingsmead",129,129,494,"bat",129,24,NULL,"win",11951
392235,2009,6,"Centurion","2009-05-21","Indian Premier League",55,"male","T20","T20",20,"2009","club","SuperSport Park",252,252,3,"field",252,NULL,4,"win",11975
392236,2009,6,"Centurion","2009-05-21","Indian Premier League",56,"male","T20","T20",20,"2009","club","SuperSport Park",1,1,2,"bat",1,12,NULL,"win",59
392237,2009,6,"Centurion","2009-05-22","Indian Premier League",NULL,"male","T20","T20",20,"2009","club","SuperSport Park",2,252,2,"field",2,NULL,6,"win",12007
392238,2009,6,"Johannesburg","2009-05-23","Indian Premier League",NULL,"male","T20","T20",20,"2009","club","New Wanderers Stadium",1,1,129,"field",1,NULL,6,"win",59
392239,2009,6,"Johannesburg","2009-05-24","Indian Premier League",NULL,"male","T20","T20",20,"2009","club","New Wanderers Stadium",1,1,2,"field",2,6,NULL,"win",12160
419106,2010,6,"Mumbai","2010-03-12","Indian Premier League",1,"male","T20","T20",20,"2010","club","Dr DY Patil Sports Academy",2,2,6,"field",6,11,NULL,"win",457
419107,2010,6,"Mumbai","2010-03-13","Indian Premier League",2,"male","T20","T20",20,"2010","club","Brabourne Stadium",3,3,134,"bat",3,4,NULL,"win",60
419108,2010,6,"Chandigarh","2010-03-13","Indian Premier League",3,"male","T20","T20",20,"2010","club","Punjab Cricket Association Stadium, Mohali",252,494,252,"field",252,NULL,5,"win",56
419109,2010,6,"Kolkata","2010-03-14","Indian Premier League",4,"male","T20","T20",20,"2010","club","Eden Gardens",6,6,1,"field",6,NULL,7,"win",39
419110,2010,6,"Chennai","2010-03-14","Indian Premier League",5,"male","T20","T20",20,"2010","club","MA Chidambaram Stadium, Chepauk",2,129,2,"bat",2,31,NULL,"win",12015
419111,2010,6,"Ahmedabad","2010-03-15","Indian Premier League",6,"male","T20","T20",20,"2010","club","Sardar Patel Stadium, Motera",252,134,252,"field",252,NULL,6,"win",11975
419112,2010,6,"Bangalore","2010-03-16","Indian Premier League",7,"male","T20","T20",20,"2010","club","M Chinnaswamy Stadium",494,1,494,"bat",1,NULL,8,"win",11933
419113,2010,6,"Kolkata","2010-03-16","Indian Premier League",8,"male","T20","T20",20,"2010","club","Eden Gardens",129,6,129,"bat",129,55,NULL,"win",38
419114,2010,6,"Delhi","2010-03-17","Indian Premier League",9,"male","T20","T20",20,"2010","club","Feroz Shah Kotla",252,252,3,"field",3,98,NULL,"win",12580
419115,2010,6,"Bangalore","2010-03-18","Indian Premier League",10,"male","T20","T20",20,"2010","club","M Chinnaswamy Stadium",1,1,134,"field",1,NULL,10,"win",11933
419116,2010,6,"Delhi","2010-03-19","Indian Premier League",11,"male","T20","T20",20,"2010","club","Feroz Shah Kotla",252,252,129,"bat",129,NULL,5,"win",11942
419117,2010,6,"Cuttack","2010-03-19","Indian Premier League",12,"male","T20","T20",20,"2010","club","Barabati Stadium",494,2,494,"field",2,6,NULL,"win",12010
419118,2010,6,"Ahmedabad","2010-03-20","Indian Premier League",13,"male","T20","T20",20,"2010","club","Sardar Patel Stadium, Motera",134,134,6,"bat",134,34,NULL,"win",14485
419119,2010,6,"Mumbai","2010-03-20","Indian Premier League",14,"male","T20","T20",20,"2010","club","Brabourne Stadium",3,3,1,"bat",1,NULL,7,"win",11933
419120,2010,6,"Cuttack","2010-03-21","Indian Premier League",15,"male","T20","T20",20,"2010","club","Barabati Stadium",2,2,252,"bat",2,10,NULL,"win",12010
419121,2010,6,"Chennai","2010-03-21","Indian Premier League",16,"male","T20","T20",20,"2010","club","MA Chidambaram Stadium, Chepauk",129,129,494,"field",494,NULL,NULL,"tie",14798
419122,2010,6,"Mumbai","2010-03-22","Indian Premier League",17,"male","T20","T20",20,"2010","club","Brabourne Stadium",6,3,6,"bat",3,NULL,7,"win",12580
419123,2010,6,"Bangalore","2010-03-23","Indian Premier League",18,"male","T20","T20",20,"2010","club","M Chinnaswamy Stadium",129,1,129,"field",1,36,NULL,"win",58
419124,2010,6,"Chandigarh","2010-03-24","Indian Premier League",19,"male","T20","T20",20,"2010","club","Punjab Cricket Association Stadium, Mohali",494,494,134,"field",134,31,NULL,"win",14729
419125,2010,6,"Mumbai","2010-03-25","Indian Premier League",21,"male","T20","T20",20,"2010","club","Brabourne Stadium, Mumbai",3,129,3,"field",3,NULL,5,"win",12580
419126,2010,6,"Ahmedabad","2010-03-26","Indian Premier League",22,"male","T20","T20",20,"2010","club","Sardar Patel Stadium, Motera",2,134,2,"bat",134,NULL,8,"win",60
419127,2010,6,"Chandigarh","2010-03-27","Indian Premier League",23,"male","T20","T20",20,"2010","club","Punjab Cricket Association Stadium, Mohali",6,494,6,"bat",6,39,NULL,"win",39
419128,2010,6,"Bangalore","2010-03-25","Indian Premier League",20,"male","T20","T20",20,"2010","club","M Chinnaswamy Stadium",1,1,252,"field",252,17,NULL,"win",4
419129,2010,6,"Ahmedabad","2010-03-28","Indian Premier League",24,"male","T20","T20",20,"2010","club","Sardar Patel Stadium, Motera",134,134,129,"bat",134,17,NULL,"win",18
419130,2010,6,"Mumbai","2010-03-28","Indian Premier League",25,"male","T20","T20",20,"2010","club","Dr DY Patil Sports Academy",2,2,3,"field",3,41,NULL,"win",228
419131,2010,6,"Delhi","2010-03-29","Indian Premier League",26,"male","T20","T20",20,"2010","club","Feroz Shah Kotla",252,252,6,"bat",252,40,NULL,"win",12
419132,2010,6,"Mumbai","2010-03-30","Indian Premier League",27,"male","T20","T20",20,"2010","club","Brabourne Stadium",3,3,494,"field",3,NULL,4,"win",230
419133,2010,6,"Chennai","2010-03-31","Indian Premier League",28,"male","T20","T20",20,"2010","club","MA Chidambaram Stadium, Chepauk",1,129,1,"bat",129,NULL,5,"win",1630
419134,2010,6,"Delhi","2010-03-31","Indian Premier League",29,"male","T20","T20",20,"2010","club","Feroz Shah Kotla",252,252,134,"bat",252,67,NULL,"win",49
419135,2010,6,"Kolkata","2010-04-01","Indian Premier League",30,"male","T20","T20",20,"2010","club","Eden Gardens",6,6,2,"bat",6,24,NULL,"win",11919
419136,2010,6,"Chandigarh","2010-04-02","Indian Premier League",31,"male","T20","T20",20,"2010","club","Punjab Cricket Association Stadium, Mohali",494,494,1,"bat",1,NULL,6,"win",13231
419137,2010,6,"Chennai","2010-04-03","Indian Premier League",32,"male","T20","T20",20,"2010","club","MA Chidambaram Stadium, Chepauk",129,129,134,"bat",129,23,NULL,"win",1630
419138,2010,6,"Mumbai","2010-04-03","Indian Premier League",33,"male","T20","T20",20,"2010","club","Brabourne Stadium",3,3,2,"bat",3,63,NULL,"win",27
419139,2010,6,"Kolkata","2010-04-04","Indian Premier League",34,"male","T20","T20",20,"2010","club","Eden Gardens",6,6,494,"bat",494,NULL,8,"win",12032
419140,2010,6,"Delhi","2010-04-04","Indian Premier League",35,"male","T20","T20",20,"2010","club","Feroz Shah Kotla",252,252,1,"bat",252,37,NULL,"win",15003
419141,2010,6,"Nagpur","2010-04-05","Indian Premier League",36,"male","T20","T20",20,"2010","club","Vidarbha Cricket Association Stadium, Jamtha",134,2,134,"bat",134,2,NULL,"win",11971
419142,2010,6,"Chennai","2010-04-06","Indian Premier League",37,"male","T20","T20",20,"2010","club","MA Chidambaram Stadium, Chepauk",129,129,3,"bat",129,24,NULL,"win",47
419143,2010,6,"Jaipur","2010-04-07","Indian Premier League",38,"male","T20","T20",20,"2010","club","Sawai Mansingh Stadium",494,134,494,"bat",134,NULL,9,"win",14648
419144,2010,6,"Kolkata","2010-04-07","Indian Premier League",39,"male","T20","T20",20,"2010","club","Eden Gardens",6,6,252,"bat",6,14,NULL,"win",11919
419145,2010,6,"Bangalore","2010-04-08","Indian Premier League",40,"male","T20","T20",20,"2010","club","M Chinnaswamy Stadium",2,1,2,"field",2,NULL,7,"win",13595
419146,2010,6,"Chandigarh","2010-04-09","Indian Premier League",41,"male","T20","T20",20,"2010","club","Punjab Cricket Association Stadium, Mohali",3,494,3,"bat",494,NULL,6,"win",11954
419147,2010,6,"Nagpur","2010-04-10","Indian Premier League",42,"male","T20","T20",20,"2010","club","Vidarbha Cricket Association Stadium, Jamtha",129,2,129,"bat",2,NULL,6,"win",13785
419148,2010,6,"Bangalore","2010-04-10","Indian Premier League",43,"male","T20","T20",20,"2010","club","M Chinnaswamy Stadium",1,1,6,"field",1,NULL,7,"win",1242
419149,2010,6,"Delhi","2010-04-11","Indian Premier League",44,"male","T20","T20",20,"2010","club","Feroz Shah Kotla",252,252,494,"bat",494,NULL,7,"win",63
419150,2010,6,"Jaipur","2010-04-11","Indian Premier League",45,"male","T20","T20",20,"2010","club","Sawai Mansingh Stadium",134,134,3,"field",3,37,NULL,"win",12580
419151,2010,6,"Nagpur","2010-04-12","Indian Premier League",46,"male","T20","T20",20,"2010","club","Vidarbha Cricket Association Stadium, Jamtha",1,2,1,"field",2,13,NULL,"win",13267
419152,2010,6,"Mumbai","2010-04-13","Indian Premier League",47,"male","T20","T20",20,"2010","club","Brabourne Stadium",3,3,252,"bat",3,39,NULL,"win",29
419153,2010,6,"Chennai","2010-04-13","Indian Premier League",48,"male","T20","T20",20,"2010","club","MA Chidambaram Stadium, Chepauk",6,129,6,"bat",129,NULL,9,"win",1416
419154,2010,6,"Jaipur","2010-04-14","Indian Premier League",49,"male","T20","T20",20,"2010","club","Sawai Mansingh Stadium",134,134,1,"bat",1,NULL,5,"win",13231
419155,2010,6,"Chennai","2010-04-15","Indian Premier League",50,"male","T20","T20",20,"2010","club","MA Chidambaram Stadium, Chepauk",129,129,252,"bat",252,NULL,6,"win",56
419156,2010,6,"Dharamsala","2010-04-16","Indian Premier League",51,"male","T20","T20",20,"2010","club","Himachal Pradesh Cricket Association Stadium",2,494,2,"field",2,NULL,5,"win",25
419157,2010,6,"Bangalore","2010-04-17","Indian Premier League",52,"male","T20","T20",20,"2010","club","M Chinnaswamy Stadium",1,1,3,"field",3,57,NULL,"win",14478
419158,2010,6,"Kolkata","2010-04-17","Indian Premier League",53,"male","T20","T20",20,"2010","club","Eden Gardens",134,6,134,"bat",6,NULL,8,"win",438
419159,2010,6,"Dharamsala","2010-04-18","Indian Premier League",54,"male","T20","T20",20,"2010","club","Himachal Pradesh Cricket Association Stadium",129,494,129,"field",129,NULL,6,"win",38
419160,2010,6,"Delhi","2010-04-18","Indian Premier League",55,"male","T20","T20",20,"2010","club","Feroz Shah Kotla",2,252,2,"bat",2,11,NULL,"win",12010
419161,2010,6,"Kolkata","2010-04-19","Indian Premier League",56,"male","T20","T20",20,"2010","club","Eden Gardens",3,6,3,"bat",6,NULL,9,"win",11928
419162,2010,6,"Mumbai","2010-04-21","Indian Premier League",NULL,"male","T20","T20",20,"2010","club","Dr DY Patil Sports Academy",3,1,3,"bat",3,35,NULL,"win",29
419163,2010,6,"Mumbai","2010-04-22","Indian Premier League",NULL,"male","T20","T20",20,"2010","club","Dr DY Patil Sports Academy",129,129,2,"bat",129,38,NULL,"win",15140
419164,2010,6,"Mumbai","2010-04-24","Indian Premier League",NULL,"male","T20","T20",20,"2010","club","Dr DY Patil Sports Academy",2,1,2,"bat",1,NULL,9,"win",12160
419165,2010,6,"Mumbai","2010-04-25","Indian Premier League",NULL,"male","T20","T20",20,"2010","club","Dr DY Patil Sports Academy",129,129,3,"bat",129,22,NULL,"win",47
501198,2011,6,"Chennai","2011-04-08","Indian Premier League",1,"male","T20","T20",20,"2011","club","MA Chidambaram Stadium, Chepauk",129,129,6,"bat",129,2,NULL,"win",12471
501199,2011,6,"Hyderabad","2011-04-09","Indian Premier League",2,"male","T20","T20",20,"2011","club","Rajiv Gandhi International Stadium, Uppal",134,2,134,"field",134,NULL,8,"win",11972
501200,2011,6,"Kochi","2011-04-09","Indian Premier League",3,"male","T20","T20",20,"2011","club","Nehru Stadium",1414,1414,1,"bat",1,NULL,6,"win",245
501201,2011,6,"Delhi","2011-04-10","Indian Premier League",4,"male","T20","T20",20,"2011","club","Feroz Shah Kotla",252,252,3,"bat",3,NULL,8,"win",230
501202,2011,6,"Mumbai","2011-04-10","Indian Premier League",5,"male","T20","T20",20,"2011","club","Dr DY Patil Sports Academy",494,1419,494,"bat",1419,NULL,7,"win",15150
501203,2011,6,"Kolkata","2011-04-11","Indian Premier League",6,"male","T20","T20",20,"2011","club","Eden Gardens",6,6,2,"bat",6,9,NULL,"win",11933
501204,2011,6,"Jaipur","2011-04-12","Indian Premier League",7,"male","T20","T20",20,"2011","club","Sawai Mansingh Stadium",252,134,252,"bat",134,NULL,6,"win",11971
501205,2011,6,"Bangalore","2011-04-12","Indian Premier League",8,"male","T20","T20",20,"2011","club","M Chinnaswamy Stadium",3,1,3,"field",3,NULL,9,"win",12580
501206,2011,6,"Chandigarh","2011-04-13","Indian Premier League",9,"male","T20","T20",20,"2011","club","Punjab Cricket Association Stadium, Mohali",494,494,129,"field",494,NULL,6,"win",13383
501207,2011,6,"Mumbai","2011-04-13","Indian Premier League",10,"male","T20","T20",20,"2011","club","Dr DY Patil Sports Academy",1414,1419,1414,"bat",1419,NULL,4,"win",14757
501208,2011,6,"Hyderabad","2011-04-14","Indian Premier League",11,"male","T20","T20",20,"2011","club","Rajiv Gandhi International Stadium, Uppal",1,2,1,"field",2,33,NULL,"win",3451
501209,2011,6,"Jaipur","2011-04-15","Indian Premier League",12,"male","T20","T20",20,"2011","club","Sawai Mansingh Stadium",6,134,6,"field",6,NULL,9,"win",56
501210,2011,6,"Mumbai","2011-04-15","Indian Premier League",13,"male","T20","T20",20,"2011","club","Wankhede Stadium",1414,3,1414,"field",1414,NULL,8,"win",46
501211,2011,6,"Chennai","2011-04-16","Indian Premier League",14,"male","T20","T20",20,"2011","club","MA Chidambaram Stadium, Chepauk",129,129,1,"bat",129,21,NULL,"win",11943
501212,2011,6,"Hyderabad","2011-04-16","Indian Premier League",15,"male","T20","T20",20,"2011","club","Rajiv Gandhi International Stadium, Uppal",494,2,494,"field",494,NULL,8,"win",13383
501213,2011,6,"Mumbai","2011-04-17","Indian Premier League",16,"male","T20","T20",20,"2011","club","Dr DY Patil Sports Academy",252,1419,252,"field",252,NULL,3,"win",15
501214,2011,6,"Kolkata","2011-04-17","Indian Premier League",17,"male","T20","T20",20,"2011","club","Eden Gardens",6,6,134,"field",6,NULL,8,"win",12523
501215,2011,6,"Kochi","2011-04-18","Indian Premier League",18,"male","T20","T20",20,"2011","club","Nehru Stadium",1414,1414,129,"field",1414,NULL,7,"win",46
501216,2011,6,"Delhi","2011-04-19","Indian Premier League",19,"male","T20","T20",20,"2011","club","Feroz Shah Kotla",2,252,2,"bat",2,16,NULL,"win",12035
501218,2011,6,"Mumbai","2011-04-20","Indian Premier League",21,"male","T20","T20",20,"2011","club","Wankhede Stadium",1419,3,1419,"bat",3,NULL,7,"win",418
501219,2011,6,"Kolkata","2011-04-20","Indian Premier League",22,"male","T20","T20",20,"2011","club","Eden Gardens",6,6,1414,"field",1414,6,NULL,"win",12032
501220,2011,6,"Chandigarh","2011-04-21","Indian Premier League",23,"male","T20","T20",20,"2011","club","Punjab Cricket Association Stadium, Mohali",134,494,134,"field",494,48,NULL,"win",541
501221,2011,6,"Mumbai","2011-04-22","Indian Premier League",25,"male","T20","T20",20,"2011","club","Wankhede Stadium",129,3,129,"field",3,8,NULL,"win",228
501222,2011,6,"Kolkata","2011-04-22","Indian Premier League",24,"male","T20","T20",20,"2011","club","Eden Gardens",1,6,1,"field",1,NULL,9,"win",1
501223,2011,6,"Delhi","2011-04-23","Indian Premier League",26,"male","T20","T20",20,"2011","club","Feroz Shah Kotla",494,252,494,"field",252,29,NULL,"win",12
501224,2011,6,"Hyderabad","2011-04-24","Indian Premier League",27,"male","T20","T20",20,"2011","club","Rajiv Gandhi International Stadium, Uppal",2,2,3,"field",3,37,NULL,"win",230
501225,2011,6,"Jaipur","2011-04-24","Indian Premier League",28,"male","T20","T20",20,"2011","club","Sawai Mansingh Stadium",134,134,1414,"field",134,NULL,8,"win",11971
501226,2011,6,"Chennai","2011-04-25","Indian Premier League",29,"male","T20","T20",20,"2011","club","MA Chidambaram Stadium, Chepauk",1419,129,1419,"field",129,25,NULL,"win",11943
501227,2011,6,"Delhi","2011-04-26","Indian Premier League",30,"male","T20","T20",20,"2011","club","Feroz Shah Kotla",1,252,1,"field",1,NULL,3,"win",332
501228,2011,6,"Mumbai","2011-04-27","Indian Premier League",31,"male","T20","T20",20,"2011","club","Dr DY Patil Sports Academy",1419,1419,129,"bat",129,NULL,8,"win",15140
501229,2011,6,"Kochi","2011-04-27","Indian Premier League",32,"male","T20","T20",20,"2011","club","Nehru Stadium",1414,1414,2,"field",2,55,NULL,"win",308
501230,2011,6,"Delhi","2011-04-28","Indian Premier League",33,"male","T20","T20",20,"2011","club","Feroz Shah Kotla",252,252,6,"field",6,17,NULL,"win",39
501231,2011,6,"Jaipur","2011-04-29","Indian Premier League",34,"male","T20","T20",20,"2011","club","Sawai Mansingh Stadium",134,134,3,"field",134,NULL,7,"win",14136
501232,2011,6,"Bangalore","2011-04-29","Indian Premier League",35,"male","T20","T20",20,"2011","club","M Chinnaswamy Stadium",1419,1,1419,"field",1,26,NULL,"win",332
501233,2011,6,"Kochi","2011-04-30","Indian Premier League",36,"male","T20","T20",20,"2011","club","Nehru Stadium",252,1414,252,"bat",252,38,NULL,"win",11975
501234,2011,6,"Kolkata","2011-04-30","Indian Premier League",37,"male","T20","T20",20,"2011","club","Eden Gardens",6,6,494,"field",6,NULL,8,"win",173
501235,2011,6,"Jaipur","2011-05-01","Indian Premier League",38,"male","T20","T20",20,"2011","club","Sawai Mansingh Stadium",134,134,1419,"field",134,NULL,6,"win",11998
501236,2011,6,"Chennai","2011-05-01","Indian Premier League",39,"male","T20","T20",20,"2011","club","MA Chidambaram Stadium, Chepauk",129,129,2,"bat",129,19,NULL,"win",12234
501237,2011,6,"Mumbai","2011-05-02","Indian Premier League",40,"male","T20","T20",20,"2011","club","Wankhede Stadium",494,3,494,"field",3,23,NULL,"win",29
501238,2011,6,"Delhi","2011-05-02","Indian Premier League",41,"male","T20","T20",20,"2011","club","Feroz Shah Kotla",1414,252,1414,"field",1414,NULL,7,"win",16648
501239,2011,6,"Hyderabad","2011-05-03","Indian Premier League",42,"male","T20","T20",20,"2011","club","Rajiv Gandhi International Stadium, Uppal",2,2,6,"field",6,20,NULL,"win",60
501240,2011,6,"Chennai","2011-05-04","Indian Premier League",43,"male","T20","T20",20,"2011","club","MA Chidambaram Stadium, Chepauk",134,129,134,"bat",129,NULL,8,"win",11943
501241,2011,6,"Mumbai","2011-05-04","Indian Premier League",44,"male","T20","T20",20,"2011","club","Dr DY Patil Sports Academy",1419,1419,3,"field",3,21,NULL,"win",14765
501242,2011,6,"Kochi","2011-05-05","Indian Premier League",45,"male","T20","T20",20,"2011","club","Nehru Stadium",6,1414,6,"field",1414,17,NULL,"win",12318
501243,2011,6,"Hyderabad","2011-05-05","Indian Premier League",46,"male","T20","T20",20,"2011","club","Rajiv Gandhi International Stadium, Uppal",252,2,252,"field",252,NULL,4,"win",11975
501244,2011,6,"Bangalore","2011-05-06","Indian Premier League",47,"male","T20","T20",20,"2011","club","M Chinnaswamy Stadium",494,1,494,"field",1,85,NULL,"win",1
501245,2011,6,"Kolkata","2011-05-07","Indian Premier League",48,"male","T20","T20",20,"2011","club","Eden Gardens",129,6,129,"bat",6,10,NULL,"win",173
501246,2011,6,"Mumbai","2011-05-07","Indian Premier League",49,"male","T20","T20",20,"2011","club","Wankhede Stadium",252,3,252,"field",3,32,NULL,"win",27
501247,2011,6,"Bangalore","2011-05-08","Indian Premier League",50,"male","T20","T20",20,"2011","club","M Chinnaswamy Stadium",1414,1,1414,"bat",1,NULL,9,"win",1
501248,2011,6,"Chandigarh","2011-05-08","Indian Premier League",51,"male","T20","T20",20,"2011","club","Punjab Cricket Association Stadium, Mohali",494,494,1419,"bat",1419,NULL,5,"win",14765
501249,2011,6,"Jaipur","2011-05-09","Indian Premier League",52,"male","T20","T20",20,"2011","club","Sawai Mansingh Stadium",134,134,129,"field",129,63,NULL,"win",1630
501250,2011,6,"Hyderabad","2011-05-10","Indian Premier League",53,"male","T20","T20",20,"2011","club","Rajiv Gandhi International Stadium, Uppal",2,2,1419,"bat",1419,NULL,6,"win",4960
501251,2011,6,"Chandigarh","2011-05-10","Indian Premier League",54,"male","T20","T20",20,"2011","club","Punjab Cricket Association Stadium, Mohali",3,494,3,"field",494,76,NULL,"win",15867
501252,2011,6,"Jaipur","2011-05-11","Indian Premier League",55,"male","T20","T20",20,"2011","club","Sawai Mansingh Stadium",1,134,1,"field",1,NULL,9,"win",8
501253,2011,6,"Chennai","2011-05-12","Indian Premier League",56,"male","T20","T20",20,"2011","club","MA Chidambaram Stadium, Chepauk",129,129,252,"bat",129,18,NULL,"win",38
501254,2011,6,"Indore","2011-05-13","Indian Premier League",57,"male","T20","T20",20,"2011","club","Holkar Cricket Stadium",494,1414,494,"field",494,NULL,6,"win",49
501255,2011,6,"Bangalore","2011-05-14","Indian Premier League",58,"male","T20","T20",20,"2011","club","M Chinnaswamy Stadium",1,1,6,"field",1,NULL,4,"win",1
501256,2011,6,"Mumbai","2011-05-14","Indian Premier League",59,"male","T20","T20",20,"2011","club","Wankhede Stadium",2,3,2,"bat",2,10,NULL,"win",185
501257,2011,6,"Dharamsala","2011-05-15","Indian Premier League",60,"male","T20","T20",20,"2011","club","Himachal Pradesh Cricket Association Stadium",252,494,252,"field",494,29,NULL,"win",63
501258,2011,6,"Indore","2011-05-15","Indian Premier League",61,"male","T20","T20",20,"2011","club","Holkar Cricket Stadium",1414,1414,134,"field",1414,NULL,8,"win",12318
501259,2011,6,"Mumbai","2011-05-16","Indian Premier League",62,"male","T20","T20",20,"2011","club","Dr DY Patil Sports Academy",2,1419,2,"field",2,NULL,6,"win",185
501260,2011,6,"Dharamsala","2011-05-17","Indian Premier League",63,"male","T20","T20",20,"2011","club","Himachal Pradesh Cricket Association Stadium",494,494,1,"bat",494,111,NULL,"win",12007
501261,2011,6,"Chennai","2011-05-18","Indian Premier League",64,"male","T20","T20",20,"2011","club","MA Chidambaram Stadium, Chepauk",129,129,1414,"bat",129,11,NULL,"win",69
501262,2011,6,"Mumbai","2011-05-19","Indian Premier League",65,"male","T20","T20",20,"2011","club","Dr DY Patil Sports Academy",6,1419,6,"field",6,NULL,7,"win",60
501263,2011,6,"Mumbai","2011-05-20","Indian Premier League",66,"male","T20","T20",20,"2011","club","Wankhede Stadium",3,3,134,"bat",134,NULL,10,"win",5
501264,2011,6,"Dharamsala","2011-05-21","Indian Premier League",67,"male","T20","T20",20,"2011","club","Himachal Pradesh Cricket Association Stadium",494,494,2,"field",2,82,NULL,"win",13
501265,2011,6,"Delhi","2011-05-21","Indian Premier League",68,"male","T20","T20",20,"2011","club","Feroz Shah Kotla",252,252,1419,"bat",1419,NULL,NULL,"no result",NULL
501266,2011,6,"Bangalore","2011-05-22","Indian Premier League",69,"male","T20","T20",20,"2011","club","M Chinnaswamy Stadium",1,1,129,"field",1,NULL,8,"win",1
501267,2011,6,"Kolkata","2011-05-22","Indian Premier League",70,"male","T20","T20",20,"2011","club","Eden Gardens",3,6,3,"field",3,NULL,5,"win",15851
501268,2011,6,"Mumbai","2011-05-24","Indian Premier League",NULL,"male","T20","T20",20,"2011","club","Wankhede Stadium",129,1,129,"field",129,NULL,6,"win",47
501269,2011,6,"Mumbai","2011-05-25","Indian Premier League",NULL,"male","T20","T20",20,"2011","club","Wankhede Stadium",3,3,6,"field",3,NULL,4,"win",418
501270,2011,6,"Chennai","2011-05-27","Indian Premier League",NULL,"male","T20","T20",20,"2011","club","MA Chidambaram Stadium, Chepauk",3,1,3,"field",1,43,NULL,"win",1
501271,2011,6,"Chennai","2011-05-28","Indian Premier League",NULL,"male","T20","T20",20,"2011","club","MA Chidambaram Stadium, Chepauk",129,129,1,"bat",129,58,NULL,"win",1630
548306,2012,6,"Chennai","2012-04-04","Indian Premier League",1,"male","T20","T20",20,"2012","club","MA Chidambaram Stadium, Chepauk",3,129,3,"field",3,NULL,8,"win",34272
548307,2012,6,"Kolkata","2012-04-05","Indian Premier League",2,"male","T20","T20",20,"2012","club","Eden Gardens",252,6,252,"field",252,NULL,8,"win",811
548308,2012,6,"Mumbai","2012-04-06","Indian Premier League",3,"male","T20","T20",20,"2012","club","Wankhede Stadium",3,3,1419,"field",1419,28,NULL,"win",36
548309,2012,6,"Jaipur","2012-04-06","Indian Premier League",4,"male","T20","T20",20,"2012","club","Sawai Mansingh Stadium",494,134,494,"field",134,31,NULL,"win",34
548310,2012,6,"Bangalore","2012-04-07","Indian Premier League",5,"male","T20","T20",20,"2012","club","M Chinnaswamy Stadium",252,1,252,"field",1,20,NULL,"win",245
548311,2012,6,"Visakhapatnam","2012-04-07","Indian Premier League",6,"male","T20","T20",20,"2012","club","Dr. Y.S. Rajasekhara Reddy ACA-VDCA Cricket Stadium",2,2,129,"field",129,74,NULL,"win",348
548312,2012,6,"Jaipur","2012-04-08","Indian Premier League",7,"male","T20","T20",20,"2012","club","Sawai Mansingh Stadium",6,134,6,"field",134,22,NULL,"win",12318
548313,2012,6,"Pune","2012-04-08","Indian Premier League",8,"male","T20","T20",20,"2012","club","Subrata Roy Sahara Stadium",1419,1419,494,"bat",1419,22,NULL,"win",963
548314,2012,6,"Visakhapatnam","2012-04-09","Indian Premier League",9,"male","T20","T20",20,"2012","club","Dr. Y.S. Rajasekhara Reddy ACA-VDCA Cricket Stadium",2,2,3,"bat",3,NULL,5,"win",25
548315,2012,6,"Bangalore","2012-04-10","Indian Premier League",10,"male","T20","T20",20,"2012","club","M Chinnaswamy Stadium",1,1,6,"field",6,42,NULL,"win",12523
548316,2012,6,"Delhi","2012-04-10","Indian Premier League",11,"male","T20","T20",20,"2012","club","Feroz Shah Kotla",252,252,129,"field",252,NULL,8,"win",13863
548317,2012,6,"Mumbai","2012-04-11","Indian Premier League",12,"male","T20","T20",20,"2012","club","Wankhede Stadium",134,3,134,"field",3,27,NULL,"win",29
548318,2012,6,"Chennai","2012-04-12","Indian Premier League",13,"male","T20","T20",20,"2012","club","MA Chidambaram Stadium, Chepauk",1,129,1,"bat",129,NULL,5,"win",267
548319,2012,6,"Chandigarh","2012-04-12","Indian Premier League",14,"male","T20","T20",20,"2012","club","Punjab Cricket Association Stadium, Mohali",494,494,1419,"field",494,NULL,7,"win",12661
548320,2012,6,"Kolkata","2012-04-13","Indian Premier League",15,"male","T20","T20",20,"2012","club","Eden Gardens",134,6,134,"bat",6,NULL,5,"win",579
548321,2012,6,"Delhi","2012-04-19","Indian Premier League",23,"male","T20","T20",20,"2012","club","Feroz Shah Kotla",2,252,2,"bat",252,NULL,5,"win",13231
548322,2012,6,"Pune","2012-04-14","Indian Premier League",16,"male","T20","T20",20,"2012","club","Subrata Roy Sahara Stadium",129,1419,129,"bat",1419,NULL,7,"win",13228
548323,2012,6,"Kolkata","2012-04-15","Indian Premier League",17,"male","T20","T20",20,"2012","club","Eden Gardens",6,6,494,"field",494,2,NULL,"win",65
548324,2012,6,"Bangalore","2012-04-15","Indian Premier League",18,"male","T20","T20",20,"2012","club","M Chinnaswamy Stadium",134,1,134,"bat",134,59,NULL,"win",34
548325,2012,6,"Mumbai","2012-04-16","Indian Premier League",19,"male","T20","T20",20,"2012","club","Wankhede Stadium",252,3,252,"field",252,NULL,7,"win",186
548326,2012,6,"Jaipur","2012-04-17","Indian Premier League",20,"male","T20","T20",20,"2012","club","Sawai Mansingh Stadium",2,134,2,"bat",134,NULL,5,"win",12318
548327,2012,6,"Bangalore","2012-04-17","Indian Premier League",21,"male","T20","T20",20,"2012","club","M Chinnaswamy Stadium",1419,1,1419,"bat",1,NULL,6,"win",1
548328,2012,6,"Chandigarh","2012-04-18","Indian Premier League",22,"male","T20","T20",20,"2012","club","Punjab Cricket Association Stadium, Mohali",494,494,6,"bat",6,NULL,8,"win",56
548329,2012,6,"Hyderabad","2012-05-10","Indian Premier League",55,"male","T20","T20",20,"2012","club","Rajiv Gandhi International Stadium, Uppal",2,2,252,"bat",252,NULL,9,"win",12
548330,2012,6,"Chennai","2012-04-19","Indian Premier League",24,"male","T20","T20",20,"2012","club","MA Chidambaram Stadium, Chepauk",1419,129,1419,"field",129,13,NULL,"win",16414
548331,2012,6,"Chandigarh","2012-04-20","Indian Premier League",25,"male","T20","T20",20,"2012","club","Punjab Cricket Association Stadium, Mohali",1,494,1,"field",1,NULL,5,"win",1
548332,2012,6,"Chennai","2012-04-21","Indian Premier League",26,"male","T20","T20",20,"2012","club","MA Chidambaram Stadium, Chepauk",134,129,134,"bat",129,NULL,7,"win",267
548333,2012,6,"Delhi","2012-04-21","Indian Premier League",27,"male","T20","T20",20,"2012","club","Feroz Shah Kotla",252,252,1419,"field",1419,20,NULL,"win",11919
548334,2012,6,"Mumbai","2012-04-22","Indian Premier League",28,"male","T20","T20",20,"2012","club","Wankhede Stadium",3,3,494,"bat",494,NULL,6,"win",541
548335,2012,6,"Cuttack","2012-04-22","Indian Premier League",29,"male","T20","T20",20,"2012","club","Barabati Stadium",6,2,6,"field",6,NULL,5,"win",11959
548336,2012,6,"Jaipur","2012-04-23","Indian Premier League",30,"male","T20","T20",20,"2012","club","Sawai Mansingh Stadium",134,134,1,"field",1,46,NULL,"win",245
548337,2012,6,"Pune","2012-04-24","Indian Premier League",31,"male","T20","T20",20,"2012","club","Subrata Roy Sahara Stadium",1419,1419,252,"bat",252,NULL,8,"win",11975
548339,2012,6,"Chandigarh","2012-04-25","Indian Premier League",33,"male","T20","T20",20,"2012","club","Punjab Cricket Association Stadium, Mohali",494,494,3,"bat",3,NULL,4,"win",27
548341,2012,6,"Pune","2012-04-26","Indian Premier League",35,"male","T20","T20",20,"2012","club","Subrata Roy Sahara Stadium",2,1419,2,"bat",2,18,NULL,"win",11934
548342,2012,6,"Delhi","2012-04-27","Indian Premier League",36,"male","T20","T20",20,"2012","club","Feroz Shah Kotla",3,252,3,"field",252,37,NULL,"win",11975
548343,2012,6,"Chennai","2012-04-28","Indian Premier League",37,"male","T20","T20",20,"2012","club","MA Chidambaram Stadium, Chepauk",494,129,494,"bat",494,7,NULL,"win",2
548344,2012,6,"Kolkata","2012-04-28","Indian Premier League",38,"male","T20","T20",20,"2012","club","Eden Gardens",6,6,1,"bat",6,47,NULL,"win",56
548345,2012,6,"Delhi","2012-04-29","Indian Premier League",39,"male","T20","T20",20,"2012","club","Feroz Shah Kotla",252,252,134,"bat",252,1,NULL,"win",11975
548346,2012,6,"Mumbai","2012-04-29","Indian Premier League",40,"male","T20","T20",20,"2012","club","Wankhede Stadium",3,3,2,"field",3,NULL,5,"win",3451
548347,2012,6,"Chennai","2012-04-30","Indian Premier League",41,"male","T20","T20",20,"2012","club","MA Chidambaram Stadium, Chepauk",129,129,6,"bat",6,NULL,5,"win",56
548348,2012,6,"Cuttack","2012-05-01","Indian Premier League",42,"male","T20","T20",20,"2012","club","Barabati Stadium",2,2,1419,"bat",2,13,NULL,"win",11954
548349,2012,6,"Jaipur","2012-05-01","Indian Premier League",43,"male","T20","T20",20,"2012","club","Sawai Mansingh Stadium",134,134,252,"bat",252,NULL,6,"win",172
548350,2012,6,"Bangalore","2012-05-02","Indian Premier League",44,"male","T20","T20",20,"2012","club","M Chinnaswamy Stadium",494,1,494,"field",494,NULL,4,"win",34817
548351,2012,6,"Pune","2012-05-03","Indian Premier League",45,"male","T20","T20",20,"2012","club","Subrata Roy Sahara Stadium",3,1419,3,"bat",3,1,NULL,"win",230
548352,2012,6,"Chennai","2012-05-04","Indian Premier League",46,"male","T20","T20",20,"2012","club","MA Chidambaram Stadium, Chepauk",129,129,2,"bat",129,10,NULL,"win",47
548353,2012,6,"Kolkata","2012-05-05","Indian Premier League",47,"male","T20","T20",20,"2012","club","Eden Gardens",6,6,1419,"bat",6,7,NULL,"win",65
548354,2012,6,"Chandigarh","2012-05-05","Indian Premier League",48,"male","T20","T20",20,"2012","club","Punjab Cricket Association Stadium, Mohali",134,494,134,"bat",134,43,NULL,"win",5
548355,2012,6,"Mumbai","2012-05-06","Indian Premier League",49,"male","T20","T20",20,"2012","club","Wankhede Stadium",3,3,129,"field",3,NULL,2,"win",50
548356,2012,6,"Bangalore","2012-05-06","Indian Premier League",50,"male","T20","T20",20,"2012","club","M Chinnaswamy Stadium",1,1,2,"field",1,NULL,5,"win",245
548357,2012,6,"Delhi","2012-05-07","Indian Premier League",51,"male","T20","T20",20,"2012","club","Feroz Shah Kotla",252,252,6,"bat",6,NULL,6,"win",11933
548358,2012,6,"Pune","2012-05-08","Indian Premier League",52,"male","T20","T20",20,"2012","club","Subrata Roy Sahara Stadium",1419,1419,134,"bat",134,NULL,7,"win",5
548359,2012,6,"Hyderabad","2012-05-08","Indian Premier League",53,"male","T20","T20",20,"2012","club","Rajiv Gandhi International Stadium, Uppal",2,2,494,"field",494,25,NULL,"win",2
548360,2012,6,"Mumbai","2012-05-09","Indian Premier League",54,"male","T20","T20",20,"2012","club","Wankhede Stadium",1,3,1,"field",1,NULL,9,"win",1
548361,2012,6,"Jaipur","2012-05-10","Indian Premier League",56,"male","T20","T20",20,"2012","club","Sawai Mansingh Stadium",129,134,129,"field",129,NULL,4,"win",35239
548362,2012,6,"Pune","2012-05-11","Indian Premier League",57,"male","T20","T20",20,"2012","club","Subrata Roy Sahara Stadium",1419,1419,1,"field",1,35,NULL,"win",1
548363,2012,6,"Kolkata","2012-05-12","Indian Premier League",58,"male","T20","T20",20,"2012","club","Eden Gardens",3,6,3,"bat",3,27,NULL,"win",25
548364,2012,6,"Chennai","2012-05-12","Indian Premier League",59,"male","T20","T20",20,"2012","club","MA Chidambaram Stadium, Chepauk",129,129,252,"field",129,NULL,9,"win",35239
548365,2012,6,"Jaipur","2012-05-13","Indian Premier League",60,"male","T20","T20",20,"2012","club","Sawai Mansingh Stadium",134,134,1419,"bat",134,45,NULL,"win",34931
548366,2012,6,"Chandigarh","2012-05-13","Indian Premier League",61,"male","T20","T20",20,"2012","club","Punjab Cricket Association Stadium, Mohali",2,494,2,"bat",494,NULL,4,"win",11922
548367,2012,6,"Bangalore","2012-05-14","Indian Premier League",62,"male","T20","T20",20,"2012","club","M Chinnaswamy Stadium",3,1,3,"field",3,NULL,5,"win",27
548368,2012,6,"Kolkata","2012-05-14","Indian Premier League",63,"male","T20","T20",20,"2012","club","Eden Gardens",129,6,129,"field",129,NULL,5,"win",11943
548369,2012,6,"Delhi","2012-05-15","Indian Premier League",64,"male","T20","T20",20,"2012","club","Feroz Shah Kotla",494,252,494,"bat",252,NULL,5,"win",318
548370,2012,6,"Mumbai","2012-05-16","Indian Premier League",65,"male","T20","T20",20,"2012","club","Wankhede Stadium",3,3,6,"field",6,32,NULL,"win",65
548371,2012,6,"Dharamsala","2012-05-17","Indian Premier League",66,"male","T20","T20",20,"2012","club","Himachal Pradesh Cricket Association Stadium",494,494,129,"field",494,NULL,6,"win",12007
548372,2012,6,"Delhi","2012-05-17","Indian Premier League",67,"male","T20","T20",20,"2012","club","Feroz Shah Kotla",252,252,1,"field",1,21,NULL,"win",1
548373,2012,6,"Hyderabad","2012-05-18","Indian Premier League",68,"male","T20","T20",20,"2012","club","Rajiv Gandhi International Stadium, Uppal",134,2,134,"bat",2,NULL,5,"win",3451
548374,2012,6,"Dharamsala","2012-05-19","Indian Premier League",69,"male","T20","T20",20,"2012","club","Himachal Pradesh Cricket Association Stadium",252,494,252,"field",252,NULL,6,"win",318
548375,2012,6,"Pune","2012-05-19","Indian Premier League",70,"male","T20","T20",20,"2012","club","Subrata Roy Sahara Stadium",6,1419,6,"bat",6,34,NULL,"win",579
548376,2012,6,"Hyderabad","2012-05-20","Indian Premier League",71,"male","T20","T20",20,"2012","club","Rajiv Gandhi International Stadium, Uppal",1,2,1,"field",2,9,NULL,"win",3451
548377,2012,6,"Jaipur","2012-05-20","Indian Premier League",72,"male","T20","T20",20,"2012","club","Sawai Mansingh Stadium",134,134,3,"bat",3,NULL,10,"win",50
548378,2012,6,"Pune","2012-05-22","Indian Premier League",NULL,"male","T20","T20",20,"2012","club","Subrata Roy Sahara Stadium",6,252,6,"bat",6,18,NULL,"win",60
548379,2012,6,"Bangalore","2012-05-23","Indian Premier League",NULL,"male","T20","T20",20,"2012","club","M Chinnaswamy Stadium",3,129,3,"field",129,38,NULL,"win",38
548380,2012,6,"Chennai","2012-05-25","Indian Premier League",NULL,"male","T20","T20",20,"2012","club","MA Chidambaram Stadium, Chepauk",252,252,129,"field",129,86,NULL,"win",1630
548381,2012,6,"Chennai","2012-05-27","Indian Premier League",NULL,"male","T20","T20",20,"2012","club","MA Chidambaram Stadium, Chepauk",129,6,129,"bat",6,NULL,5,"win",14505
597998,2013,6,"Kolkata","2013-04-03","Indian Premier League",1,"male","T20","T20",20,"2013","club","Eden Gardens",6,6,252,"field",6,NULL,6,"win",65
597999,2013,6,"Bangalore","2013-04-04","Indian Premier League",2,"male","T20","T20",20,"2013","club","M Chinnaswamy Stadium",3,1,3,"field",1,2,NULL,"win",1
598000,2013,6,"Hyderabad","2013-04-05","Indian Premier League",3,"male","T20","T20",20,"2013","club","Rajiv Gandhi International Stadium, Uppal",1419,2,1419,"field",2,22,NULL,"win",185
598001,2013,6,"Delhi","2013-04-06","Indian Premier League",4,"male","T20","T20",20,"2013","club","Feroz Shah Kotla",134,252,134,"bat",134,5,NULL,"win",11930
598002,2013,6,"Chennai","2013-04-06","Indian Premier League",5,"male","T20","T20",20,"2013","club","MA Chidambaram Stadium, Chepauk",3,129,3,"bat",3,9,NULL,"win",29
598003,2013,6,"Pune","2013-04-07","Indian Premier League",6,"male","T20","T20",20,"2013","club","Subrata Roy Sahara Stadium",1419,1419,494,"bat",494,NULL,8,"win",68
598004,2013,6,"Hyderabad","2013-04-07","Indian Premier League",7,"male","T20","T20",20,"2013","club","Rajiv Gandhi International Stadium, Uppal",1,2,1,"bat",1,NULL,NULL,"tie",2910
598005,2013,6,"Jaipur","2013-04-08","Indian Premier League",8,"male","T20","T20",20,"2013","club","Sawai Mansingh Stadium",6,134,6,"field",134,19,NULL,"win",11972
598006,2013,6,"Mumbai","2013-04-09","Indian Premier League",10,"male","T20","T20",20,"2013","club","Wankhede Stadium",3,3,252,"bat",3,44,NULL,"win",49
598007,2013,6,"Chandigarh","2013-04-10","Indian Premier League",11,"male","T20","T20",20,"2013","club","Punjab Cricket Association Stadium, Mohali",129,494,129,"field",129,NULL,10,"win",11943
598008,2013,6,"Bangalore","2013-04-11","Indian Premier League",12,"male","T20","T20",20,"2013","club","M Chinnaswamy Stadium",1,1,6,"field",1,NULL,8,"win",1
598009,2013,6,"Pune","2013-04-11","Indian Premier League",13,"male","T20","T20",20,"2013","club","Subrata Roy Sahara Stadium",134,1419,134,"bat",1419,NULL,7,"win",48
598010,2013,6,"Delhi","2013-04-12","Indian Premier League",14,"male","T20","T20",20,"2013","club","Feroz Shah Kotla",252,252,2,"bat",2,NULL,3,"win",185
598011,2013,6,"Mumbai","2013-04-13","Indian Premier League",15,"male","T20","T20",20,"2013","club","Wankhede Stadium",3,3,1419,"bat",3,41,NULL,"win",25
598012,2013,6,"Chennai","2013-04-13","Indian Premier League",16,"male","T20","T20",20,"2013","club","MA Chidambaram Stadium, Chepauk",129,129,1,"field",129,NULL,4,"win",348
598013,2013,6,"Kolkata","2013-04-14","Indian Premier League",17,"male","T20","T20",20,"2013","club","Eden Gardens",6,6,2,"bat",6,48,NULL,"win",56
598014,2013,6,"Jaipur","2013-04-14","Indian Premier League",18,"male","T20","T20",20,"2013","club","Sawai Mansingh Stadium",134,134,494,"field",134,NULL,6,"win",569
598015,2013,6,"Chennai","2013-04-15","Indian Premier League",19,"male","T20","T20",20,"2013","club","MA Chidambaram Stadium, Chepauk",1419,129,1419,"bat",1419,24,NULL,"win",36
598016,2013,6,"Chandigarh","2013-04-16","Indian Premier League",20,"male","T20","T20",20,"2013","club","Punjab Cricket Association Stadium, Mohali",6,494,6,"field",494,4,NULL,"win",51
598017,2013,6,"Bangalore","2013-04-16","Indian Premier League",21,"male","T20","T20",20,"2013","club","M Chinnaswamy Stadium",1,1,252,"field",252,NULL,NULL,"tie",332
598018,2013,6,"Pune","2013-04-17","Indian Premier League",22,"male","T20","T20",20,"2013","club","Maharashtra Cricket Association Stadium",1419,1419,2,"field",2,11,NULL,"win",185
598019,2013,6,"Jaipur","2013-04-17","Indian Premier League",23,"male","T20","T20",20,"2013","club","Sawai Mansingh Stadium",134,134,3,"bat",134,87,NULL,"win",34
598020,2013,6,"Delhi","2013-04-18","Indian Premier League",24,"male","T20","T20",20,"2013","club","Feroz Shah Kotla",129,252,129,"bat",129,86,NULL,"win",11943
598021,2013,6,"Hyderabad","2013-04-19","Indian Premier League",25,"male","T20","T20",20,"2013","club","Rajiv Gandhi International Stadium, Uppal",494,2,494,"bat",2,NULL,5,"win",2910
598022,2013,6,"Kolkata","2013-04-20","Indian Premier League",26,"male","T20","T20",20,"2013","club","Eden Gardens",6,6,129,"bat",129,NULL,4,"win",348
598023,2013,6,"Bangalore","2013-04-20","Indian Premier League",27,"male","T20","T20",20,"2013","club","M Chinnaswamy Stadium",1,1,134,"field",1,NULL,7,"win",1242
598024,2013,6,"Delhi","2013-04-21","Indian Premier League",28,"male","T20","T20",20,"2013","club","Feroz Shah Kotla",3,252,3,"bat",252,NULL,9,"win",11975
598025,2013,6,"Chandigarh","2013-04-21","Indian Premier League",29,"male","T20","T20",20,"2013","club","Punjab Cricket Association Stadium, Mohali",494,494,1419,"field",494,NULL,7,"win",72
598026,2013,6,"Chennai","2013-04-22","Indian Premier League",30,"male","T20","T20",20,"2013","club","MA Chidambaram Stadium, Chepauk",134,129,134,"bat",129,NULL,5,"win",11943
598027,2013,6,"Bangalore","2013-04-23","Indian Premier League",31,"male","T20","T20",20,"2013","club","M Chinnaswamy Stadium",1419,1,1419,"field",1,130,NULL,"win",1
598028,2013,6,"Dharamsala","2013-05-16","Indian Premier League",67,"male","T20","T20",20,"2013","club","Himachal Pradesh Cricket Association Stadium",252,494,252,"field",494,7,NULL,"win",72
598029,2013,6,"Kolkata","2013-04-24","Indian Premier League",33,"male","T20","T20",20,"2013","club","Eden Gardens",6,6,3,"bat",3,NULL,5,"win",50
598030,2013,6,"Chennai","2013-04-25","Indian Premier League",34,"male","T20","T20",20,"2013","club","MA Chidambaram Stadium, Chepauk",2,129,2,"bat",129,NULL,5,"win",38
598031,2013,6,"Kolkata","2013-04-26","Indian Premier League",35,"male","T20","T20",20,"2013","club","Eden Gardens",494,6,494,"bat",6,NULL,6,"win",11933
598032,2013,6,"Jaipur","2013-04-27","Indian Premier League",36,"male","T20","T20",20,"2013","club","Sawai Mansingh Stadium",2,134,2,"bat",134,NULL,8,"win",569
598033,2013,6,"Mumbai","2013-04-27","Indian Premier League",37,"male","T20","T20",20,"2013","club","Wankhede Stadium",3,3,1,"bat",3,58,NULL,"win",50
598034,2013,6,"Chennai","2013-04-28","Indian Premier League",38,"male","T20","T20",20,"2013","club","MA Chidambaram Stadium, Chepauk",6,129,6,"field",129,14,NULL,"win",11943
598035,2013,6,"Raipur","2013-04-28","Indian Premier League",39,"male","T20","T20",20,"2013","club","Shaheed Veer Narayan Singh International Stadium",1419,252,1419,"field",252,15,NULL,"win",12
598036,2013,6,"Jaipur","2013-04-29","Indian Premier League",40,"male","T20","T20",20,"2013","club","Sawai Mansingh Stadium",134,134,1,"field",134,NULL,4,"win",180
598037,2013,6,"Mumbai","2013-04-29","Indian Premier League",41,"male","T20","T20",20,"2013","club","Wankhede Stadium",3,3,494,"bat",3,4,NULL,"win",25
598038,2013,6,"Pune","2013-04-30","Indian Premier League",42,"male","T20","T20",20,"2013","club","Subrata Roy Sahara Stadium",129,1419,129,"bat",129,37,NULL,"win",38
598039,2013,6,"Hyderabad","2013-05-01","Indian Premier League",43,"male","T20","T20",20,"2013","club","Rajiv Gandhi International Stadium, Uppal",3,2,3,"bat",2,NULL,7,"win",308
598040,2013,6,"Raipur","2013-05-01","Indian Premier League",44,"male","T20","T20",20,"2013","club","Shaheed Veer Narayan Singh International Stadium",6,252,6,"bat",252,NULL,7,"win",12
598041,2013,6,"Chennai","2013-05-02","Indian Premier League",45,"male","T20","T20",20,"2013","club","MA Chidambaram Stadium, Chepauk",129,129,494,"bat",129,15,NULL,"win",47
598042,2013,6,"Pune","2013-05-02","Indian Premier League",46,"male","T20","T20",20,"2013","club","Subrata Roy Sahara Stadium",1,1419,1,"bat",1,17,NULL,"win",245
598043,2013,6,"Kolkata","2013-05-03","Indian Premier League",47,"male","T20","T20",20,"2013","club","Eden Gardens",134,6,134,"bat",6,NULL,8,"win",60
598044,2013,6,"Hyderabad","2013-05-04","Indian Premier League",48,"male","T20","T20",20,"2013","club","Rajiv Gandhi International Stadium, Uppal",252,2,252,"bat",2,NULL,6,"win",36610
598045,2013,6,"Bangalore","2013-05-14","Indian Premier League",63,"male","T20","T20",20,"2013","club","M Chinnaswamy Stadium",494,1,494,"field",494,NULL,7,"win",12007
598046,2013,6,"Mumbai","2013-05-05","Indian Premier League",49,"male","T20","T20",20,"2013","club","Wankhede Stadium",3,3,129,"bat",3,60,NULL,"win",604
598047,2013,6,"Jaipur","2013-05-05","Indian Premier League",50,"male","T20","T20",20,"2013","club","Sawai Mansingh Stadium",1419,134,1419,"bat",134,NULL,5,"win",34
598048,2013,6,"Bangalore","2013-04-09","Indian Premier League",9,"male","T20","T20",20,"2013","club","M Chinnaswamy Stadium",2,1,2,"bat",1,NULL,7,"win",332
598049,2013,6,"Jaipur","2013-05-07","Indian Premier League",52,"male","T20","T20",20,"2013","club","Sawai Mansingh Stadium",252,134,252,"bat",134,NULL,9,"win",34
598050,2013,6,"Mumbai","2013-05-07","Indian Premier League",53,"male","T20","T20",20,"2013","club","Wankhede Stadium",3,3,6,"bat",3,65,NULL,"win",12580
598051,2013,6,"Hyderabad","2013-05-08","Indian Premier League",54,"male","T20","T20",20,"2013","club","Rajiv Gandhi International Stadium, Uppal",2,2,129,"field",129,77,NULL,"win",47
598052,2013,6,"Chandigarh","2013-05-09","Indian Premier League",55,"male","T20","T20",20,"2013","club","Punjab Cricket Association Stadium, Mohali",134,494,134,"field",134,NULL,8,"win",34343
598053,2013,6,"Pune","2013-05-09","Indian Premier League",56,"male","T20","T20",20,"2013","club","Subrata Roy Sahara Stadium",6,1419,6,"bat",6,46,NULL,"win",56
598054,2013,6,"Delhi","2013-05-10","Indian Premier League",57,"male","T20","T20",20,"2013","club","Feroz Shah Kotla",252,252,1,"field",1,4,NULL,"win",438
598055,2013,6,"Pune","2013-05-11","Indian Premier League",58,"male","T20","T20",20,"2013","club","Subrata Roy Sahara Stadium",1419,1419,3,"bat",3,NULL,5,"win",604
598056,2013,6,"Chandigarh","2013-05-11","Indian Premier League",59,"male","T20","T20",20,"2013","club","Punjab Cricket Association Stadium, Mohali",494,494,2,"field",2,30,NULL,"win",23
598057,2013,6,"Ranchi","2013-05-12","Indian Premier League",60,"male","T20","T20",20,"2013","club","JSCA International Stadium Complex",6,6,1,"field",6,NULL,5,"win",11933
598058,2013,6,"Jaipur","2013-05-12","Indian Premier League",61,"male","T20","T20",20,"2013","club","Sawai Mansingh Stadium",134,134,129,"field",134,NULL,5,"win",5
598059,2013,6,"Delhi","2013-04-23","Indian Premier League",32,"male","T20","T20",20,"2013","club","Feroz Shah Kotla",494,252,494,"field",494,NULL,5,"win",13267
598060,2013,6,"Mumbai","2013-05-13","Indian Premier League",62,"male","T20","T20",20,"2013","club","Wankhede Stadium",2,3,2,"bat",3,NULL,7,"win",29
598061,2013,6,"Ranchi","2013-05-15","Indian Premier League",65,"male","T20","T20",20,"2013","club","JSCA International Stadium Complex",6,6,1419,"field",1419,7,NULL,"win",59
598062,2013,6,"Chennai","2013-05-14","Indian Premier League",64,"male","T20","T20",20,"2013","club","MA Chidambaram Stadium, Chepauk",129,129,252,"bat",129,33,NULL,"win",38
598063,2013,6,"Mumbai","2013-05-15","Indian Premier League",66,"male","T20","T20",20,"2013","club","Wankhede Stadium",134,3,134,"field",3,14,NULL,"win",177
598064,2013,6,"Chandigarh","2013-05-06","Indian Premier League",51,"male","T20","T20",20,"2013","club","Punjab Cricket Association Stadium, Mohali",494,494,1,"field",494,NULL,6,"win",72
598065,2013,6,"Hyderabad","2013-05-17","Indian Premier League",68,"male","T20","T20",20,"2013","club","Rajiv Gandhi International Stadium, Uppal",2,2,134,"bat",2,23,NULL,"win",185
598066,2013,6,"Dharamsala","2013-05-18","Indian Premier League",69,"male","T20","T20",20,"2013","club","Himachal Pradesh Cricket Association Stadium",3,494,3,"field",494,50,NULL,"win",34817
598067,2013,6,"Pune","2013-05-19","Indian Premier League",71,"male","T20","T20",20,"2013","club","Subrata Roy Sahara Stadium",1419,1419,252,"bat",1419,38,NULL,"win",34959
598068,2013,6,"Bangalore","2013-05-18","Indian Premier League",70,"male","T20","T20",20,"2013","club","M Chinnaswamy Stadium",129,1,129,"field",1,24,NULL,"win",332
598069,2013,6,"Hyderabad","2013-05-19","Indian Premier League",72,"male","T20","T20",20,"2013","club","Rajiv Gandhi International Stadium, Uppal",6,2,6,"bat",2,NULL,5,"win",23
598070,2013,6,"Delhi","2013-05-21","Indian Premier League",NULL,"male","T20","T20",20,"2013","club","Feroz Shah Kotla",129,129,3,"bat",129,48,NULL,"win",11943
598071,2013,6,"Delhi","2013-05-22","Indian Premier League",NULL,"male","T20","T20",20,"2013","club","Feroz Shah Kotla",2,134,2,"bat",134,NULL,4,"win",12318
598072,2013,6,"Kolkata","2013-05-24","Indian Premier League",NULL,"male","T20","T20",20,"2013","club","Eden Gardens",134,3,134,"bat",3,NULL,4,"win",228
598073,2013,6,"Kolkata","2013-05-26","Indian Premier League",NULL,"male","T20","T20",20,"2013","club","Eden Gardens",3,129,3,"bat",3,23,NULL,"win",29
729279,2014,6,"Abu Dhabi","2014-04-16","Indian Premier League",1,"male","T20","T20",20,"2014","club","Sheikh Zayed Stadium",6,3,6,"bat",6,41,NULL,"win",11933
729281,2014,6,NULL,"2014-04-17","Indian Premier League",2,"male","T20","T20",20,"2014","club","Sharjah Cricket Stadium",1,252,1,"field",1,NULL,8,"win",10
729283,2014,6,"Abu Dhabi","2014-04-18","Indian Premier League",3,"male","T20","T20",20,"2014","club","Sheikh Zayed Stadium",129,129,494,"bat",494,NULL,6,"win",71
729285,2014,6,"Abu Dhabi","2014-04-18","Indian Premier League",4,"male","T20","T20",20,"2014","club","Sheikh Zayed Stadium",134,2,134,"field",134,NULL,4,"win",34
729287,2014,6,NULL,"2014-04-19","Indian Premier League",5,"male","T20","T20",20,"2014","club","Dubai International Cricket Stadium",1,1,3,"field",1,NULL,7,"win",23
729289,2014,6,NULL,"2014-04-19","Indian Premier League",6,"male","T20","T20",20,"2014","club","Dubai International Cricket Stadium",6,6,252,"bat",252,NULL,4,"win",1964
729291,2014,6,NULL,"2014-04-20","Indian Premier League",7,"male","T20","T20",20,"2014","club","Sharjah Cricket Stadium",494,134,494,"field",494,NULL,7,"win",71
729293,2014,6,"Abu Dhabi","2014-04-21","Indian Premier League",8,"male","T20","T20",20,"2014","club","Sheikh Zayed Stadium",129,129,252,"bat",129,93,NULL,"win",47
729295,2014,6,NULL,"2014-04-22","Indian Premier League",9,"male","T20","T20",20,"2014","club","Sharjah Cricket Stadium",2,494,2,"field",494,72,NULL,"win",71
729297,2014,6,NULL,"2014-04-23","Indian Premier League",10,"male","T20","T20",20,"2014","club","Dubai International Cricket Stadium",134,134,129,"field",129,7,NULL,"win",348
729299,2014,6,NULL,"2014-04-24","Indian Premier League",11,"male","T20","T20",20,"2014","club","Sharjah Cricket Stadium",1,1,6,"field",6,2,NULL,"win",57
729301,2014,6,NULL,"2014-04-25","Indian Premier League",12,"male","T20","T20",20,"2014","club","Dubai International Cricket Stadium",2,2,252,"bat",2,4,NULL,"win",48
729303,2014,6,NULL,"2014-04-25","Indian Premier League",13,"male","T20","T20",20,"2014","club","Dubai International Cricket Stadium",3,129,3,"bat",129,NULL,7,"win",75
729305,2014,6,"Abu Dhabi","2014-04-26","Indian Premier League",14,"male","T20","T20",20,"2014","club","Sheikh Zayed Stadium",134,134,1,"field",134,NULL,6,"win",37031
729307,2014,6,"Abu Dhabi","2014-04-26","Indian Premier League",15,"male","T20","T20",20,"2014","club","Sheikh Zayed Stadium",6,6,494,"field",494,23,NULL,"win",76
729309,2014,6,NULL,"2014-04-27","Indian Premier League",16,"male","T20","T20",20,"2014","club","Sharjah Cricket Stadium",3,252,3,"bat",252,NULL,6,"win",1630
729311,2014,6,NULL,"2014-04-27","Indian Premier League",17,"male","T20","T20",20,"2014","club","Sharjah Cricket Stadium",2,2,129,"bat",129,NULL,5,"win",50
729313,2014,6,NULL,"2014-04-28","Indian Premier League",18,"male","T20","T20",20,"2014","club","Dubai International Cricket Stadium",494,494,1,"field",494,NULL,5,"win",76
729315,2014,6,"Abu Dhabi","2014-04-29","Indian Premier League",19,"male","T20","T20",20,"2014","club","Sheikh Zayed Stadium",134,6,134,"bat",134,NULL,NULL,"tie",569
729317,2014,6,NULL,"2014-04-30","Indian Premier League",20,"male","T20","T20",20,"2014","club","Dubai International Cricket Stadium",3,3,2,"field",2,15,NULL,"win",20
733971,2014,6,"Ranchi","2014-05-02","Indian Premier League",21,"male","T20","T20",20,"2014","club","JSCA International Stadium Complex",129,129,6,"bat",129,34,NULL,"win",348
733973,2014,6,"Mumbai","2014-05-03","Indian Premier League",22,"male","T20","T20",20,"2014","club","Wankhede Stadium",494,3,494,"bat",3,NULL,5,"win",258
733975,2014,6,"Delhi","2014-05-03","Indian Premier League",23,"male","T20","T20",20,"2014","club","Feroz Shah Kotla",134,252,134,"field",134,NULL,7,"win",179
733977,2014,6,"Bangalore","2014-05-04","Indian Premier League",24,"male","T20","T20",20,"2014","club","M Chinnaswamy Stadium",1,1,2,"field",1,NULL,4,"win",245
733979,2014,6,"Ahmedabad","2014-05-05","Indian Premier League",25,"male","T20","T20",20,"2014","club","Sardar Patel Stadium, Motera",6,134,6,"field",134,10,NULL,"win",37031
733981,2014,6,"Delhi","2014-05-05","Indian Premier League",26,"male","T20","T20",20,"2014","club","Feroz Shah Kotla",129,252,129,"field",129,NULL,8,"win",50
733983,2014,6,"Mumbai","2014-05-06","Indian Premier League",27,"male","T20","T20",20,"2014","club","Wankhede Stadium",1,3,1,"field",3,19,NULL,"win",25
733985,2014,6,"Delhi","2014-05-07","Indian Premier League",28,"male","T20","T20",20,"2014","club","Feroz Shah Kotla",252,252,6,"bat",6,NULL,8,"win",56
733987,2014,6,"Cuttack","2014-05-07","Indian Premier League",29,"male","T20","T20",20,"2014","club","Barabati Stadium",129,494,129,"field",494,44,NULL,"win",71
733989,2014,6,"Ahmedabad","2014-05-08","Indian Premier League",30,"male","T20","T20",20,"2014","club","Sardar Patel Stadium, Motera",134,134,2,"field",2,32,NULL,"win",20
733991,2014,6,"Bangalore","2014-05-09","Indian Premier League",31,"male","T20","T20",20,"2014","club","M Chinnaswamy Stadium",1,1,494,"field",494,32,NULL,"win",76
733993,2014,6,"Delhi","2014-05-10","Indian Premier League",32,"male","T20","T20",20,"2014","club","Feroz Shah Kotla",2,252,2,"field",2,NULL,8,"win",3451
733995,2014,6,"Mumbai","2014-05-10","Indian Premier League",33,"male","T20","T20",20,"2014","club","Wankhede Stadium",129,3,129,"field",129,NULL,4,"win",50
733997,2014,6,"Cuttack","2014-05-11","Indian Premier League",34,"male","T20","T20",20,"2014","club","Barabati Stadium",6,494,6,"field",6,NULL,9,"win",56
733999,2014,6,"Bangalore","2014-05-11","Indian Premier League",35,"male","T20","T20",20,"2014","club","M Chinnaswamy Stadium",1,1,134,"bat",134,NULL,5,"win",569
734001,2014,6,"Hyderabad","2014-05-12","Indian Premier League",36,"male","T20","T20",20,"2014","club","Rajiv Gandhi International Stadium, Uppal",2,2,3,"bat",3,NULL,7,"win",27
734003,2014,6,"Ranchi","2014-05-13","Indian Premier League",37,"male","T20","T20",20,"2014","club","JSCA International Stadium Complex",134,129,134,"bat",129,NULL,5,"win",348
734005,2014,6,"Bangalore","2014-05-13","Indian Premier League",38,"male","T20","T20",20,"2014","club","M Chinnaswamy Stadium",252,1,252,"field",1,16,NULL,"win",15
734007,2014,6,"Hyderabad","2014-05-14","Indian Premier League",39,"male","T20","T20",20,"2014","club","Rajiv Gandhi International Stadium, Uppal",494,2,494,"field",494,NULL,6,"win",69
734009,2014,6,"Cuttack","2014-05-14","Indian Premier League",40,"male","T20","T20",20,"2014","club","Barabati Stadium",6,6,3,"field",6,NULL,6,"win",58
734011,2014,6,"Ahmedabad","2014-05-15","Indian Premier League",41,"male","T20","T20",20,"2014","club","Sardar Patel Stadium, Motera",252,134,252,"field",134,62,NULL,"win",34
734013,2014,6,"Ranchi","2014-05-18","Indian Premier League",42,"male","T20","T20",20,"2014","club","JSCA International Stadium Complex",129,129,1,"bat",1,NULL,5,"win",245
734015,2014,6,"Hyderabad","2014-05-18","Indian Premier League",43,"male","T20","T20",20,"2014","club","Rajiv Gandhi International Stadium, Uppal",2,2,6,"bat",6,NULL,7,"win",318
734017,2014,6,"Ahmedabad","2014-05-19","Indian Premier League",44,"male","T20","T20",20,"2014","club","Sardar Patel Stadium, Motera",3,134,3,"bat",3,25,NULL,"win",11943
734019,2014,6,"Delhi","2014-05-19","Indian Premier League",45,"male","T20","T20",20,"2014","club","Feroz Shah Kotla",494,252,494,"field",494,NULL,4,"win",70
734021,2014,6,"Hyderabad","2014-05-20","Indian Premier League",46,"male","T20","T20",20,"2014","club","Rajiv Gandhi International Stadium, Uppal",1,2,1,"bat",2,NULL,7,"win",12
734023,2014,6,"Kolkata","2014-05-20","Indian Premier League",47,"male","T20","T20",20,"2014","club","Eden Gardens",6,6,129,"field",6,NULL,8,"win",58
734025,2014,6,"Chandigarh","2014-05-21","Indian Premier League",48,"male","T20","T20",20,"2014","club","Punjab Cricket Association Stadium, Mohali",3,494,3,"field",3,NULL,7,"win",1035
734027,2014,6,"Kolkata","2014-05-22","Indian Premier League",49,"male","T20","T20",20,"2014","club","Eden Gardens",1,6,1,"field",6,30,NULL,"win",58
734029,2014,6,"Ranchi","2014-05-22","Indian Premier League",50,"male","T20","T20",20,"2014","club","JSCA International Stadium Complex",2,129,2,"field",2,NULL,6,"win",12
734031,2014,6,"Mumbai","2014-05-23","Indian Premier League",51,"male","T20","T20",20,"2014","club","Wankhede Stadium",252,3,252,"field",3,15,NULL,"win",11943
734033,2014,6,"Chandigarh","2014-05-23","Indian Premier League",52,"male","T20","T20",20,"2014","club","Punjab Cricket Association Stadium, Mohali",134,494,134,"field",494,16,NULL,"win",541
734035,2014,6,"Bangalore","2014-05-24","Indian Premier League",53,"male","T20","T20",20,"2014","club","M Chinnaswamy Stadium",129,1,129,"field",129,NULL,8,"win",38
734037,2014,6,"Kolkata","2014-05-24","Indian Premier League",54,"male","T20","T20",20,"2014","club","Eden Gardens",6,6,2,"field",6,NULL,4,"win",60
734039,2014,6,"Chandigarh","2014-05-25","Indian Premier League",55,"male","T20","T20",20,"2014","club","Punjab Cricket Association Stadium, Mohali",494,494,252,"field",494,NULL,7,"win",68
734041,2014,6,"Mumbai","2014-05-25","Indian Premier League",56,"male","T20","T20",20,"2014","club","Wankhede Stadium",3,3,134,"field",3,NULL,5,"win",258
734043,2014,6,"Kolkata","2014-05-27","Indian Premier League",NULL,"male","T20","T20",20,"2014","club","Eden Gardens",494,494,6,"field",6,28,NULL,"win",318
734045,2014,6,"Mumbai","2014-05-28","Indian Premier League",NULL,"male","T20","T20",20,"2014","club","Brabourne Stadium",129,129,3,"field",129,NULL,7,"win",47
734047,2014,6,"Mumbai","2014-05-30","Indian Premier League",NULL,"male","T20","T20",20,"2014","club","Wankhede Stadium",129,129,494,"field",494,24,NULL,"win",11975
734049,2014,6,"Bangalore","2014-06-01","Indian Premier League",NULL,"male","T20","T20",20,"2014","club","M Chinnaswamy Stadium",6,6,494,"field",6,NULL,3,"win",59
829705,2015,6,"Kolkata","2015-04-08","Indian Premier League",1,"male","T20","T20",20,"2015","club","Eden Gardens",6,6,3,"field",6,NULL,7,"win",13863
829707,2015,6,"Chennai","2015-04-09","Indian Premier League",2,"male","T20","T20",20,"2015","club","MA Chidambaram Stadium, Chepauk",252,129,252,"field",129,1,NULL,"win",21
829709,2015,6,"Pune","2015-04-10","Indian Premier League",3,"male","T20","T20",20,"2015","club","Maharashtra Cricket Association Stadium",494,494,134,"field",134,26,NULL,"win",569
829711,2015,6,"Chennai","2015-04-11","Indian Premier League",4,"male","T20","T20",20,"2015","club","MA Chidambaram Stadium, Chepauk",129,129,2,"bat",129,45,NULL,"win",46
829713,2015,6,"Kolkata","2015-04-11","Indian Premier League",5,"male","T20","T20",20,"2015","club","Eden Gardens",1,6,1,"field",1,NULL,3,"win",1
829715,2015,6,"Delhi","2015-04-12","Indian Premier League",6,"male","T20","T20",20,"2015","club","Feroz Shah Kotla",134,252,134,"field",134,NULL,3,"win",16
829717,2015,6,"Mumbai","2015-04-12","Indian Premier League",7,"male","T20","T20",20,"2015","club","Wankhede Stadium",3,3,494,"field",494,18,NULL,"win",13882
829719,2015,6,"Bangalore","2015-04-13","Indian Premier League",8,"male","T20","T20",20,"2015","club","M Chinnaswamy Stadium",2,1,2,"field",2,NULL,8,"win",12
829721,2015,6,"Ahmedabad","2015-04-14","Indian Premier League",9,"male","T20","T20",20,"2015","club","Sardar Patel Stadium, Motera",3,134,3,"bat",134,NULL,7,"win",36
829723,2015,6,"Kolkata","2015-04-30","Indian Premier League",30,"male","T20","T20",20,"2015","club","Eden Gardens",6,6,129,"field",6,NULL,7,"win",1437
829725,2015,6,"Pune","2015-04-15","Indian Premier League",10,"male","T20","T20",20,"2015","club","Maharashtra Cricket Association Stadium",494,494,252,"bat",252,NULL,5,"win",35
829727,2015,6,"Visakhapatnam","2015-04-16","Indian Premier League",11,"male","T20","T20",20,"2015","club","Dr. Y.S. Rajasekhara Reddy ACA-VDCA Cricket Stadium",134,2,134,"field",134,NULL,6,"win",34
829729,2015,6,"Mumbai","2015-04-17","Indian Premier League",12,"male","T20","T20",20,"2015","club","Wankhede Stadium",3,3,129,"bat",129,NULL,6,"win",21
829731,2015,6,"Visakhapatnam","2015-04-18","Indian Premier League",13,"male","T20","T20",20,"2015","club","Dr. Y.S. Rajasekhara Reddy ACA-VDCA Cricket Stadium",252,2,252,"bat",252,4,NULL,"win",1964
829733,2015,6,"Pune","2015-04-18","Indian Premier League",14,"male","T20","T20",20,"2015","club","Maharashtra Cricket Association Stadium",6,494,6,"field",6,NULL,4,"win",1437
829735,2015,6,"Ahmedabad","2015-04-19","Indian Premier League",15,"male","T20","T20",20,"2015","club","Sardar Patel Stadium, Motera",129,134,129,"bat",134,NULL,8,"win",34
829737,2015,6,"Bangalore","2015-04-19","Indian Premier League",16,"male","T20","T20",20,"2015","club","M Chinnaswamy Stadium",1,1,3,"field",3,18,NULL,"win",228
829739,2015,6,"Delhi","2015-04-20","Indian Premier League",17,"male","T20","T20",20,"2015","club","Feroz Shah Kotla",6,252,6,"field",6,NULL,6,"win",318
829741,2015,6,"Ahmedabad","2015-04-21","Indian Premier League",18,"male","T20","T20",20,"2015","club","Sardar Patel Stadium, Motera",494,134,494,"field",494,NULL,NULL,"tie",541
829743,2015,6,"Visakhapatnam","2015-04-22","Indian Premier League",19,"male","T20","T20",20,"2015","club","Dr. Y.S. Rajasekhara Reddy ACA-VDCA Cricket Stadium",6,2,6,"field",2,16,NULL,"win",12
829745,2015,6,"Bangalore","2015-04-22","Indian Premier League",20,"male","T20","T20",20,"2015","club","M Chinnaswamy Stadium",1,1,129,"field",129,27,NULL,"win",47
829747,2015,6,"Delhi","2015-04-23","Indian Premier League",21,"male","T20","T20",20,"2015","club","Feroz Shah Kotla",3,252,3,"field",252,37,NULL,"win",389
829749,2015,6,"Ahmedabad","2015-04-24","Indian Premier League",22,"male","T20","T20",20,"2015","club","Sardar Patel Stadium, Motera",1,134,1,"field",1,NULL,9,"win",10109
829751,2015,6,"Mumbai","2015-04-25","Indian Premier League",23,"male","T20","T20",20,"2015","club","Wankhede Stadium",3,3,2,"bat",3,20,NULL,"win",230
829753,2015,6,"Chennai","2015-04-25","Indian Premier League",24,"male","T20","T20",20,"2015","club","MA Chidambaram Stadium, Chepauk",129,129,494,"bat",129,97,NULL,"win",46
829757,2015,6,"Delhi","2015-04-26","Indian Premier League",26,"male","T20","T20",20,"2015","club","Feroz Shah Kotla",1,252,1,"field",1,NULL,10,"win",241
829759,2015,6,"Chandigarh","2015-04-27","Indian Premier League",27,"male","T20","T20",20,"2015","club","Punjab Cricket Association Stadium, Mohali",494,494,2,"field",2,20,NULL,"win",66
829761,2015,6,"Kolkata","2015-05-07","Indian Premier League",42,"male","T20","T20",20,"2015","club","Eden Gardens",6,6,252,"bat",6,13,NULL,"win",63
829763,2015,6,"Bangalore","2015-04-29","Indian Premier League",29,"male","T20","T20",20,"2015","club","M Chinnaswamy Stadium",134,1,134,"field",134,NULL,NULL,"no result",NULL
829765,2015,6,"Chennai","2015-04-28","Indian Premier League",28,"male","T20","T20",20,"2015","club","MA Chidambaram Stadium, Chepauk",6,129,6,"field",129,2,NULL,"win",1393
829767,2015,6,"Delhi","2015-05-01","Indian Premier League",31,"male","T20","T20",20,"2015","club","Feroz Shah Kotla",252,252,494,"field",252,NULL,9,"win",471
829769,2015,6,"Mumbai","2015-05-01","Indian Premier League",32,"male","T20","T20",20,"2015","club","Wankhede Stadium",134,3,134,"field",3,8,NULL,"win",27
829771,2015,6,"Bangalore","2015-05-02","Indian Premier League",33,"male","T20","T20",20,"2015","club","M Chinnaswamy Stadium",1,1,6,"field",1,NULL,7,"win",2
829773,2015,6,"Hyderabad","2015-05-02","Indian Premier League",34,"male","T20","T20",20,"2015","club","Rajiv Gandhi International Stadium, Uppal",129,2,129,"field",2,22,NULL,"win",12
829775,2015,6,"Chandigarh","2015-05-03","Indian Premier League",35,"male","T20","T20",20,"2015","club","Punjab Cricket Association Stadium, Mohali",3,494,3,"bat",3,23,NULL,"win",1035
829777,2015,6,"Mumbai","2015-05-03","Indian Premier League",36,"male","T20","T20",20,"2015","club","Brabourne Stadium",252,134,252,"field",134,14,NULL,"win",34
829779,2015,6,"Chennai","2015-05-04","Indian Premier League",37,"male","T20","T20",20,"2015","club","MA Chidambaram Stadium, Chepauk",129,129,1,"bat",129,24,NULL,"win",47
829781,2015,6,"Kolkata","2015-05-04","Indian Premier League",38,"male","T20","T20",20,"2015","club","Eden Gardens",2,6,2,"field",6,35,NULL,"win",318
829783,2015,6,"Mumbai","2015-05-05","Indian Premier League",39,"male","T20","T20",20,"2015","club","Wankhede Stadium",252,3,252,"bat",3,NULL,5,"win",228
829785,2015,6,"Bangalore","2015-05-06","Indian Premier League",40,"male","T20","T20",20,"2015","club","M Chinnaswamy Stadium",494,1,494,"field",1,138,NULL,"win",1
829787,2015,6,"Mumbai","2015-05-07","Indian Premier League",41,"male","T20","T20",20,"2015","club","Brabourne Stadium",134,134,2,"field",2,7,NULL,"win",400
829789,2015,6,"Chennai","2015-05-08","Indian Premier League",43,"male","T20","T20",20,"2015","club","MA Chidambaram Stadium, Chepauk",129,129,3,"bat",3,NULL,6,"win",30
829791,2015,6,"Kolkata","2015-05-09","Indian Premier League",44,"male","T20","T20",20,"2015","club","Eden Gardens",494,6,494,"bat",6,NULL,1,"win",1437
829793,2015,6,"Raipur","2015-05-09","Indian Premier League",45,"male","T20","T20",20,"2015","club","Shaheed Veer Narayan Singh International Stadium",2,252,2,"bat",2,6,NULL,"win",14
829795,2015,6,"Mumbai","2015-05-10","Indian Premier League",46,"male","T20","T20",20,"2015","club","Wankhede Stadium",1,3,1,"bat",1,39,NULL,"win",245
829797,2015,6,"Chennai","2015-05-10","Indian Premier League",47,"male","T20","T20",20,"2015","club","MA Chidambaram Stadium, Chepauk",129,129,134,"bat",129,12,NULL,"win",348
829799,2015,6,"Hyderabad","2015-05-11","Indian Premier League",48,"male","T20","T20",20,"2015","club","Rajiv Gandhi International Stadium, Uppal",2,2,494,"bat",2,5,NULL,"win",12
829801,2015,6,"Raipur","2015-05-12","Indian Premier League",49,"male","T20","T20",20,"2015","club","Shaheed Veer Narayan Singh International Stadium",129,252,129,"bat",252,NULL,6,"win",187
829803,2015,6,"Chandigarh","2015-05-13","Indian Premier League",50,"male","T20","T20",20,"2015","club","Punjab Cricket Association Stadium, Mohali",1,494,1,"field",494,22,NULL,"win",70
829805,2015,6,"Mumbai","2015-05-14","Indian Premier League",51,"male","T20","T20",20,"2015","club","Wankhede Stadium",6,3,6,"field",3,5,NULL,"win",30
829807,2015,6,"Hyderabad","2015-05-15","Indian Premier League",52,"male","T20","T20",20,"2015","club","Rajiv Gandhi International Stadium, Uppal",2,2,1,"bat",1,NULL,6,"win",332
829809,2015,6,"Chandigarh","2015-05-16","Indian Premier League",53,"male","T20","T20",20,"2015","club","Punjab Cricket Association Stadium, Mohali",494,494,129,"bat",129,NULL,7,"win",172
829811,2015,6,"Mumbai","2015-05-16","Indian Premier League",54,"male","T20","T20",20,"2015","club","Brabourne Stadium",134,134,6,"bat",134,9,NULL,"win",5
829813,2015,6,"Bangalore","2015-05-17","Indian Premier League",55,"male","T20","T20",20,"2015","club","M Chinnaswamy Stadium",1,1,252,"field",252,NULL,NULL,"no result",NULL
829815,2015,6,"Hyderabad","2015-05-17","Indian Premier League",56,"male","T20","T20",20,"2015","club","Rajiv Gandhi International Stadium, Uppal",2,2,3,"bat",3,NULL,9,"win",32
829817,2015,6,"Mumbai","2015-05-19","Indian Premier League",NULL,"male","T20","T20",20,"2015","club","Wankhede Stadium",3,129,3,"bat",3,25,NULL,"win",29
829819,2015,6,"Pune","2015-05-20","Indian Premier League",NULL,"male","T20","T20",20,"2015","club","Maharashtra Cricket Association Stadium",1,1,134,"bat",1,71,NULL,"win",245
829821,2015,6,"Ranchi","2015-05-22","Indian Premier League",NULL,"male","T20","T20",20,"2015","club","JSCA International Stadium Complex",129,129,1,"field",129,NULL,3,"win",21
829823,2015,6,"Kolkata","2015-05-24","Indian Premier League",NULL,"male","T20","T20",20,"2015","club","Eden Gardens",129,3,129,"field",3,41,NULL,"win",25
980901,2016,6,"Mumbai","2016-04-09","Indian Premier League",1,"male","T20","T20",20,"2016","club","Wankhede Stadium",3,3,4,"bat",4,NULL,9,"win",34
980903,2016,6,"Kolkata","2016-04-10","Indian Premier League",2,"male","T20","T20",20,"2016","club","Eden Gardens",6,6,252,"field",6,NULL,9,"win",1437
980905,2016,6,"Chandigarh","2016-04-11","Indian Premier League",3,"male","T20","T20",20,"2016","club","Punjab Cricket Association IS Bindra Stadium, Mohali",5,494,5,"field",5,NULL,5,"win",48
980907,2016,6,"Bangalore","2016-04-12","Indian Premier League",4,"male","T20","T20",20,"2016","club","M Chinnaswamy Stadium",2,1,2,"field",1,45,NULL,"win",245
980909,2016,6,"Kolkata","2016-04-13","Indian Premier League",5,"male","T20","T20",20,"2016","club","Eden Gardens",3,6,3,"field",3,NULL,6,"win",25
980911,2016,6,"Rajkot","2016-04-14","Indian Premier League",6,"male","T20","T20",20,"2016","club","Saurashtra Cricket Association Stadium",4,5,4,"bat",5,NULL,7,"win",48
980913,2016,6,"Delhi","2016-04-15","Indian Premier League",7,"male","T20","T20",20,"2016","club","Feroz Shah Kotla",252,252,494,"field",252,NULL,8,"win",185
980915,2016,6,"Hyderabad","2016-04-16","Indian Premier League",8,"male","T20","T20",20,"2016","club","Rajiv Gandhi International Stadium, Uppal",2,2,6,"bat",6,NULL,8,"win",56
980917,2016,6,"Mumbai","2016-04-16","Indian Premier League",9,"male","T20","T20",20,"2016","club","Wankhede Stadium",5,3,5,"field",5,NULL,3,"win",48
980919,2016,6,"Chandigarh","2016-04-17","Indian Premier League",10,"male","T20","T20",20,"2016","club","Punjab Cricket Association IS Bindra Stadium, Mohali",4,494,4,"bat",494,NULL,6,"win",68
980921,2016,6,"Bangalore","2016-04-17","Indian Premier League",11,"male","T20","T20",20,"2016","club","M Chinnaswamy Stadium",252,1,252,"field",252,NULL,7,"win",1421
980923,2016,6,"Hyderabad","2016-04-18","Indian Premier League",12,"male","T20","T20",20,"2016","club","Rajiv Gandhi International Stadium, Uppal",2,2,3,"field",2,NULL,7,"win",12
980925,2016,6,"Chandigarh","2016-04-19","Indian Premier League",13,"male","T20","T20",20,"2016","club","Punjab Cricket Association IS Bindra Stadium, Mohali",6,494,6,"field",6,NULL,6,"win",58
980927,2016,6,"Mumbai","2016-04-20","Indian Premier League",14,"male","T20","T20",20,"2016","club","Wankhede Stadium",3,3,1,"field",3,NULL,6,"win",25
980929,2016,6,"Rajkot","2016-04-21","Indian Premier League",15,"male","T20","T20",20,"2016","club","Saurashtra Cricket Association Stadium",2,5,2,"field",2,NULL,10,"win",20
980931,2016,6,"Pune","2016-04-22","Indian Premier League",16,"male","T20","T20",20,"2016","club","Maharashtra Cricket Association Stadium",4,4,1,"field",1,13,NULL,"win",245
980933,2016,6,"Delhi","2016-04-23","Indian Premier League",17,"male","T20","T20",20,"2016","club","Feroz Shah Kotla",3,252,3,"field",252,10,NULL,"win",180
980935,2016,6,"Hyderabad","2016-04-23","Indian Premier League",18,"male","T20","T20",20,"2016","club","Rajiv Gandhi International Stadium, Uppal",2,2,494,"field",2,NULL,5,"win",297
980937,2016,6,"Rajkot","2016-04-24","Indian Premier League",19,"male","T20","T20",20,"2016","club","Saurashtra Cricket Association Stadium",1,5,1,"bat",5,NULL,6,"win",332
980939,2016,6,"Pune","2016-04-24","Indian Premier League",20,"male","T20","T20",20,"2016","club","Maharashtra Cricket Association Stadium",6,4,6,"field",6,NULL,2,"win",61
980941,2016,6,"Chandigarh","2016-04-25","Indian Premier League",21,"male","T20","T20",20,"2016","club","Punjab Cricket Association IS Bindra Stadium, Mohali",494,494,3,"field",3,25,NULL,"win",23
980943,2016,6,"Hyderabad","2016-04-26","Indian Premier League",22,"male","T20","T20",20,"2016","club","Rajiv Gandhi International Stadium, Uppal",4,2,4,"field",4,34,NULL,"win",43
980945,2016,6,"Delhi","2016-04-27","Indian Premier League",23,"male","T20","T20",20,"2016","club","Feroz Shah Kotla",252,252,5,"field",5,1,NULL,"win",182
980947,2016,6,"Mumbai","2016-04-28","Indian Premier League",24,"male","T20","T20",20,"2016","club","Wankhede Stadium",3,3,6,"field",3,NULL,6,"win",25
980949,2016,6,"Pune","2016-04-29","Indian Premier League",25,"male","T20","T20",20,"2016","club","Maharashtra Cricket Association Stadium",5,4,5,"field",5,NULL,3,"win",50
980951,2016,6,"Delhi","2016-04-30","Indian Premier League",26,"male","T20","T20",20,"2016","club","Feroz Shah Kotla",6,252,6,"field",252,27,NULL,"win",183
980953,2016,6,"Hyderabad","2016-04-30","Indian Premier League",27,"male","T20","T20",20,"2016","club","Rajiv Gandhi International Stadium, Uppal",1,2,1,"field",2,15,NULL,"win",12
980955,2016,6,"Rajkot","2016-05-01","Indian Premier League",28,"male","T20","T20",20,"2016","club","Saurashtra Cricket Association Stadium",5,5,494,"field",494,23,NULL,"win",70
980957,2016,6,"Pune","2016-05-01","Indian Premier League",29,"male","T20","T20",20,"2016","club","Maharashtra Cricket Association Stadium",3,4,3,"field",3,NULL,8,"win",25
980959,2016,6,"Bangalore","2016-05-02","Indian Premier League",30,"male","T20","T20",20,"2016","club","M Chinnaswamy Stadium",6,1,6,"field",6,NULL,5,"win",1437
980961,2016,6,"Rajkot","2016-05-03","Indian Premier League",31,"male","T20","T20",20,"2016","club","Saurashtra Cricket Association Stadium",252,5,252,"field",252,NULL,8,"win",181
980963,2016,6,"Kolkata","2016-05-04","Indian Premier League",32,"male","T20","T20",20,"2016","club","Eden Gardens",494,6,494,"field",6,7,NULL,"win",1437
980965,2016,6,"Delhi","2016-05-05","Indian Premier League",33,"male","T20","T20",20,"2016","club","Feroz Shah Kotla",4,252,4,"field",4,NULL,7,"win",34
980967,2016,6,"Hyderabad","2016-05-06","Indian Premier League",34,"male","T20","T20",20,"2016","club","Rajiv Gandhi International Stadium, Uppal",2,2,5,"field",2,NULL,5,"win",20
980969,2016,6,"Bangalore","2016-05-07","Indian Premier League",35,"male","T20","T20",20,"2016","club","M Chinnaswamy Stadium",1,1,4,"field",1,NULL,7,"win",332
980971,2016,6,"Chandigarh","2016-05-07","Indian Premier League",36,"male","T20","T20",20,"2016","club","Punjab Cricket Association IS Bindra Stadium, Mohali",252,494,252,"field",494,9,NULL,"win",73
980973,2016,6,"Visakhapatnam","2016-05-08","Indian Premier League",37,"male","T20","T20",20,"2016","club","Dr. Y.S. Rajasekhara Reddy ACA-VDCA Cricket Stadium",3,3,2,"field",2,85,NULL,"win",21
980975,2016,6,"Kolkata","2016-05-08","Indian Premier League",38,"male","T20","T20",20,"2016","club","Eden Gardens",5,6,5,"field",5,NULL,5,"win",52
980977,2016,6,"Chandigarh","2016-05-09","Indian Premier League",39,"male","T20","T20",20,"2016","club","Punjab Cricket Association IS Bindra Stadium, Mohali",494,494,1,"field",1,1,NULL,"win",5
1473446,2025,6,"Ahmedabad","2025-03-29","Indian Premier League",9,"male","T20","T20",20,"2025","club","Narendra Modi Stadium, Ahmedabad",3,615,3,"field",615,36,NULL,"win",2188
980979,2016,6,"Visakhapatnam","2016-05-10","Indian Premier League",40,"male","T20","T20",20,"2016","club","Dr. Y.S. Rajasekhara Reddy ACA-VDCA Cricket Stadium",2,4,2,"bat",2,4,NULL,"win",42
980981,2016,6,"Bangalore","2016-05-11","Indian Premier League",41,"male","T20","T20",20,"2016","club","M Chinnaswamy Stadium",3,1,3,"field",3,NULL,6,"win",28
980983,2016,6,"Hyderabad","2016-05-12","Indian Premier League",42,"male","T20","T20",20,"2016","club","Rajiv Gandhi International Stadium, Uppal",252,2,252,"field",252,NULL,7,"win",182
980985,2016,6,"Visakhapatnam","2016-05-13","Indian Premier League",43,"male","T20","T20",20,"2016","club","Dr. Y.S. Rajasekhara Reddy ACA-VDCA Cricket Stadium",3,3,494,"bat",494,NULL,7,"win",73
980987,2016,6,"Bangalore","2016-05-14","Indian Premier League",44,"male","T20","T20",20,"2016","club","M Chinnaswamy Stadium",5,1,5,"field",1,144,NULL,"win",245
980989,2016,6,"Kolkata","2016-05-14","Indian Premier League",45,"male","T20","T20",20,"2016","club","Eden Gardens",4,6,4,"bat",6,NULL,8,"win",60
980991,2016,6,"Chandigarh","2016-05-15","Indian Premier League",46,"male","T20","T20",20,"2016","club","Punjab Cricket Association IS Bindra Stadium, Mohali",494,494,2,"bat",2,NULL,7,"win",67
980993,2016,6,"Visakhapatnam","2016-05-15","Indian Premier League",47,"male","T20","T20",20,"2016","club","Dr. Y.S. Rajasekhara Reddy ACA-VDCA Cricket Stadium",252,3,252,"field",3,80,NULL,"win",28
980995,2016,6,"Kolkata","2016-05-16","Indian Premier League",48,"male","T20","T20",20,"2016","club","Eden Gardens",1,6,1,"field",1,NULL,9,"win",332
980997,2016,6,"Visakhapatnam","2016-05-17","Indian Premier League",49,"male","T20","T20",20,"2016","club","Dr. Y.S. Rajasekhara Reddy ACA-VDCA Cricket Stadium",4,4,252,"field",4,19,NULL,"win",43
980999,2016,6,"Bangalore","2016-05-18","Indian Premier League",50,"male","T20","T20",20,"2016","club","M Chinnaswamy Stadium",494,1,494,"field",1,82,NULL,"win",332
981001,2016,6,"Kanpur","2016-05-19","Indian Premier League",51,"male","T20","T20",20,"2016","club","Green Park",5,5,6,"field",5,NULL,6,"win",50
981003,2016,6,"Raipur","2016-05-20","Indian Premier League",52,"male","T20","T20",20,"2016","club","Shaheed Veer Narayan Singh International Stadium",252,252,2,"field",252,NULL,6,"win",179
981005,2016,6,"Visakhapatnam","2016-05-21","Indian Premier League",53,"male","T20","T20",20,"2016","club","Dr. Y.S. Rajasekhara Reddy ACA-VDCA Cricket Stadium",494,4,494,"bat",4,NULL,4,"win",38
981007,2016,6,"Kanpur","2016-05-21","Indian Premier League",54,"male","T20","T20",20,"2016","club","Green Park",5,5,3,"field",5,NULL,6,"win",47
981009,2016,6,"Kolkata","2016-05-22","Indian Premier League",55,"male","T20","T20",20,"2016","club","Eden Gardens",2,6,2,"field",6,22,NULL,"win",60
981011,2016,6,"Raipur","2016-05-22","Indian Premier League",56,"male","T20","T20",20,"2016","club","Shaheed Veer Narayan Singh International Stadium",1,252,1,"field",1,NULL,6,"win",332
981013,2016,6,"Bangalore","2016-05-24","Indian Premier League",NULL,"male","T20","T20",20,"2016","club","M Chinnaswamy Stadium",1,5,1,"field",1,NULL,4,"win",245
981015,2016,6,"Delhi","2016-05-25","Indian Premier League",NULL,"male","T20","T20",20,"2016","club","Feroz Shah Kotla",6,2,6,"field",2,22,NULL,"win",14
981017,2016,6,"Delhi","2016-05-27","Indian Premier League",NULL,"male","T20","T20",20,"2016","club","Feroz Shah Kotla",2,5,2,"field",2,NULL,4,"win",12
981019,2016,6,"Bangalore","2016-05-29","Indian Premier League",NULL,"male","T20","T20",20,"2016","club","M Chinnaswamy Stadium",2,1,2,"bat",2,8,NULL,"win",17
1473447,2025,6,"Visakhapatnam","2025-03-30","Indian Premier League",10,"male","T20","T20",20,"2025","club","Dr. Y.S. Rajasekhara Reddy ACA-VDCA Cricket Stadium, Visakhapatnam",2,2,252,"bat",252,NULL,7,"win",10109
1473448,2025,6,"Guwahati","2025-03-30","Indian Premier League",11,"male","T20","T20",20,"2025","club","Barsapara Cricket Stadium, Guwahati",129,134,129,"field",134,6,NULL,"win",26
1473449,2025,6,"Mumbai","2025-03-31","Indian Premier League",12,"male","T20","T20",20,"2025","club","Wankhede Stadium, Mumbai",3,6,3,"field",3,NULL,8,"win",41785
1473450,2025,6,"Lucknow","2025-04-01","Indian Premier League",13,"male","T20","T20",20,"2025","club","Bharat Ratna Shri Atal Bihari Vajpayee Ekana Cricket Stadium, Lucknow",494,614,494,"field",494,NULL,8,"win",3747
1473451,2025,6,"Bengaluru","2025-04-02","Indian Premier League",14,"male","T20","T20",20,"2025","club","M Chinnaswamy Stadium, Bengaluru",615,1,615,"field",615,NULL,8,"win",538
1473452,2025,6,"Kolkata","2025-04-03","Indian Premier League",15,"male","T20","T20",20,"2025","club","Eden Gardens, Kolkata",2,6,2,"field",6,80,NULL,"win",6885
1473453,2025,6,"Lucknow","2025-04-04","Indian Premier League",16,"male","T20","T20",20,"2025","club","Bharat Ratna Shri Atal Bihari Vajpayee Ekana Cricket Stadium, Lucknow",3,614,3,"field",614,12,NULL,"win",11833
1473454,2025,6,"Chennai","2025-04-05","Indian Premier League",17,"male","T20","T20",20,"2025","club","MA Chidambaram Stadium, Chepauk, Chennai",252,252,129,"bat",252,25,NULL,"win",1409
1473455,2025,6,"Mohali","2025-04-05","Indian Premier League",18,"male","T20","T20",20,"2025","club","Maharaja Yadavindra Singh International Cricket Stadium, Mullanpur",494,134,494,"field",134,50,NULL,"win",1833
1473456,2025,6,"Kolkata","2025-04-08","Indian Premier League",21,"male","T20","T20",20,"2025","club","Eden Gardens, Kolkata",6,614,6,"field",614,4,NULL,"win",2766
1473457,2025,6,"Hyderabad","2025-04-06","Indian Premier League",19,"male","T20","T20",20,"2025","club","Rajiv Gandhi International Stadium, Uppal, Hyderabad",615,2,615,"field",615,NULL,7,"win",538
1473458,2025,6,"Mumbai","2025-04-07","Indian Premier League",20,"male","T20","T20",20,"2025","club","Wankhede Stadium, Mumbai",3,1,3,"field",1,12,NULL,"win",5349
1473459,2025,6,"Mohali","2025-04-08","Indian Premier League",22,"male","T20","T20",20,"2025","club","Maharaja Yadavindra Singh International Cricket Stadium, Mullanpur",494,494,129,"bat",494,18,NULL,"win",11847
1473460,2025,6,"Ahmedabad","2025-04-09","Indian Premier League",23,"male","T20","T20",20,"2025","club","Narendra Modi Stadium, Ahmedabad",134,615,134,"field",615,58,NULL,"win",6999
1473461,2025,6,"Bengaluru","2025-04-10","Indian Premier League",24,"male","T20","T20",20,"2025","club","M Chinnaswamy Stadium, Bengaluru",252,1,252,"field",252,NULL,6,"win",1409
1473462,2025,6,"Chennai","2025-04-11","Indian Premier League",25,"male","T20","T20",20,"2025","club","MA Chidambaram Stadium, Chepauk, Chennai",6,129,6,"field",6,NULL,8,"win",65
1473463,2025,6,"Lucknow","2025-04-12","Indian Premier League",26,"male","T20","T20",20,"2025","club","Bharat Ratna Shri Atal Bihari Vajpayee Ekana Cricket Stadium, Lucknow",614,615,614,"field",614,NULL,6,"win",6054
1473464,2025,6,"Hyderabad","2025-04-12","Indian Premier League",27,"male","T20","T20",20,"2025","club","Rajiv Gandhi International Stadium, Uppal, Hyderabad",494,494,2,"bat",2,NULL,8,"win",2349
1473465,2025,6,"Jaipur","2025-04-13","Indian Premier League",28,"male","T20","T20",20,"2025","club","Sawai Mansingh Stadium, Jaipur",1,134,1,"field",1,NULL,9,"win",8945
1473466,2025,6,"Delhi","2025-04-13","Indian Premier League",29,"male","T20","T20",20,"2025","club","Arun Jaitley Stadium, Delhi",252,3,252,"field",3,12,NULL,"win",676
1473467,2025,6,"Lucknow","2025-04-14","Indian Premier League",30,"male","T20","T20",20,"2025","club","Bharat Ratna Shri Atal Bihari Vajpayee Ekana Cricket Stadium, Lucknow",129,614,129,"field",129,NULL,5,"win",38
1473468,2025,6,"Mohali","2025-04-15","Indian Premier League",31,"male","T20","T20",20,"2025","club","Maharaja Yadavindra Singh International Cricket Stadium, Mullanpur",494,494,6,"bat",494,16,NULL,"win",10
1473469,2025,6,"Delhi","2025-04-16","Indian Premier League",32,"male","T20","T20",20,"2025","club","Arun Jaitley Stadium, Delhi",134,252,134,"field",134,NULL,NULL,"tie",10109
1473470,2025,6,"Mumbai","2025-04-17","Indian Premier League",33,"male","T20","T20",20,"2025","club","Wankhede Stadium, Mumbai",3,2,3,"field",3,NULL,4,"win",10630
1473471,2025,6,"Bengaluru","2025-04-18","Indian Premier League",34,"male","T20","T20",20,"2025","club","M Chinnaswamy Stadium, Bengaluru",494,1,494,"field",494,NULL,5,"win",6550
1473472,2025,6,"Ahmedabad","2025-04-19","Indian Premier League",35,"male","T20","T20",20,"2025","club","Narendra Modi Stadium, Ahmedabad",615,252,615,"field",615,NULL,7,"win",24
1473473,2025,6,"Jaipur","2025-04-19","Indian Premier League",36,"male","T20","T20",20,"2025","club","Sawai Mansingh Stadium, Jaipur",614,614,134,"bat",614,2,NULL,"win",1286
1473474,2025,6,"Mohali","2025-04-20","Indian Premier League",37,"male","T20","T20",20,"2025","club","Maharaja Yadavindra Singh International Cricket Stadium, Mullanpur",1,494,1,"field",1,NULL,7,"win",332
1473475,2025,6,"Mumbai","2025-04-20","Indian Premier League",38,"male","T20","T20",20,"2025","club","Wankhede Stadium, Mumbai",3,129,3,"field",3,NULL,9,"win",25
1473476,2025,6,"Kolkata","2025-04-21","Indian Premier League",39,"male","T20","T20",20,"2025","club","Eden Gardens, Kolkata",6,615,6,"field",615,39,NULL,"win",1580
1473477,2025,6,"Lucknow","2025-04-22","Indian Premier League",40,"male","T20","T20",20,"2025","club","Bharat Ratna Shri Atal Bihari Vajpayee Ekana Cricket Stadium, Lucknow",252,614,252,"field",252,NULL,8,"win",8355
1473478,2025,6,"Hyderabad","2025-04-23","Indian Premier League",41,"male","T20","T20",20,"2025","club","Rajiv Gandhi International Stadium, Uppal, Hyderabad",3,2,3,"field",3,NULL,7,"win",66
1473479,2025,6,"Bengaluru","2025-04-24","Indian Premier League",42,"male","T20","T20",20,"2025","club","M Chinnaswamy Stadium, Bengaluru",134,1,134,"field",1,11,NULL,"win",4664
1473480,2025,6,"Chennai","2025-04-25","Indian Premier League",43,"male","T20","T20",20,"2025","club","MA Chidambaram Stadium, Chepauk, Chennai",2,129,2,"field",2,NULL,5,"win",1285
1473481,2025,6,"Kolkata","2025-04-26","Indian Premier League",44,"male","T20","T20",20,"2025","club","Eden Gardens, Kolkata",494,494,6,"bat",6,NULL,NULL,"no result",NULL
1473482,2025,6,"Mumbai","2025-04-27","Indian Premier League",45,"male","T20","T20",20,"2025","club","Wankhede Stadium, Mumbai",614,3,614,"field",3,54,NULL,"win",10630
1473483,2025,6,"Delhi","2025-04-27","Indian Premier League",46,"male","T20","T20",20,"2025","club","Arun Jaitley Stadium, Delhi",1,252,1,"field",1,NULL,6,"win",28
1473484,2025,6,"Jaipur","2025-04-28","Indian Premier League",47,"male","T20","T20",20,"2025","club","Sawai Mansingh Stadium, Jaipur",134,615,134,"field",134,NULL,8,"win",42566
1473485,2025,6,"Delhi","2025-04-29","Indian Premier League",48,"male","T20","T20",20,"2025","club","Arun Jaitley Stadium, Delhi",252,6,252,"field",6,14,NULL,"win",65
1473486,2025,6,"Chennai","2025-04-30","Indian Premier League",49,"male","T20","T20",20,"2025","club","MA Chidambaram Stadium, Chepauk, Chennai",494,129,494,"field",494,NULL,4,"win",389
1473487,2025,6,"Jaipur","2025-05-01","Indian Premier League",50,"male","T20","T20",20,"2025","club","Sawai Mansingh Stadium, Jaipur",134,3,134,"field",3,100,NULL,"win",11801
1473488,2025,6,"Ahmedabad","2025-05-02","Indian Premier League",51,"male","T20","T20",20,"2025","club","Narendra Modi Stadium, Ahmedabad",2,615,2,"field",615,38,NULL,"win",2188
1473489,2025,6,"Bengaluru","2025-05-03","Indian Premier League",52,"male","T20","T20",20,"2025","club","M Chinnaswamy Stadium, Bengaluru",129,1,129,"field",1,2,NULL,"win",6761
1473490,2025,6,"Kolkata","2025-05-04","Indian Premier League",53,"male","T20","T20",20,"2025","club","Eden Gardens, Kolkata",6,6,134,"bat",6,1,NULL,"win",1437
1473491,2025,6,"Dharamsala","2025-05-04","Indian Premier League",54,"male","T20","T20",20,"2025","club","Himachal Pradesh Cricket Association Stadium, Dharamsala",614,494,614,"field",494,37,NULL,"win",3747
1473492,2025,6,"Hyderabad","2025-05-05","Indian Premier League",55,"male","T20","T20",20,"2025","club","Rajiv Gandhi International Stadium, Uppal, Hyderabad",2,252,2,"field",2,NULL,NULL,"no result",NULL
1473493,2025,6,"Mumbai","2025-05-06","Indian Premier League",56,"male","T20","T20",20,"2025","club","Wankhede Stadium, Mumbai",615,3,615,"field",615,NULL,3,"win",1580
1473494,2025,6,"Kolkata","2025-05-07","Indian Premier League",57,"male","T20","T20",20,"2025","club","Eden Gardens, Kolkata",6,6,129,"bat",129,NULL,2,"win",8809
1473495,2025,6,"Dharamsala","2025-05-08","Indian Premier League",58,"male","T20","T20",20,"2025","club","Himachal Pradesh Cricket Association Stadium, Dharamsala",494,494,252,"bat",252,NULL,NULL,"no result",NULL
1473497,2025,6,"Jaipur","2025-05-18","Indian Premier League",59,"male","T20","T20",20,"2025","club","Sawai Mansingh Stadium, Jaipur",494,494,134,"bat",494,10,NULL,"win",3495
1473498,2025,6,"Delhi","2025-05-18","Indian Premier League",60,"male","T20","T20",20,"2025","club","Arun Jaitley Stadium, Delhi",615,252,615,"field",615,NULL,10,"win",6999
1473499,2025,6,"Lucknow","2025-05-19","Indian Premier League",61,"male","T20","T20",20,"2025","club","Bharat Ratna Shri Atal Bihari Vajpayee Ekana Cricket Stadium, Lucknow",2,614,2,"field",2,NULL,6,"win",2349
1473500,2025,6,"Delhi","2025-05-20","Indian Premier League",62,"male","T20","T20",20,"2025","club","Arun Jaitley Stadium, Delhi",134,129,134,"field",134,NULL,6,"win",9371
1473501,2025,6,"Mumbai","2025-05-21","Indian Premier League",63,"male","T20","T20",20,"2025","club","Wankhede Stadium, Mumbai",252,3,252,"field",3,59,NULL,"win",61
1473502,2025,6,"Ahmedabad","2025-05-22","Indian Premier League",64,"male","T20","T20",20,"2025","club","Narendra Modi Stadium, Ahmedabad",615,614,615,"field",614,33,NULL,"win",4960
1473503,2025,6,"Lucknow","2025-05-23","Indian Premier League",65,"male","T20","T20",20,"2025","club","Bharat Ratna Shri Atal Bihari Vajpayee Ekana Cricket Stadium, Lucknow",1,2,1,"field",2,42,NULL,"win",347
1473504,2025,6,"Ahmedabad","2025-05-25","Indian Premier League",67,"male","T20","T20",20,"2025","club","Narendra Modi Stadium, Ahmedabad",129,129,615,"bat",129,83,NULL,"win",6944
1473505,2025,6,"Delhi","2025-05-25","Indian Premier League",68,"male","T20","T20",20,"2025","club","Arun Jaitley Stadium, Delhi",2,2,6,"bat",2,110,NULL,"win",1740
1473506,2025,6,"Jaipur","2025-05-26","Indian Premier League",69,"male","T20","T20",20,"2025","club","Sawai Mansingh Stadium, Jaipur",494,3,494,"field",494,NULL,7,"win",42220
1473507,2025,6,"Lucknow","2025-05-27","Indian Premier League",70,"male","T20","T20",20,"2025","club","Bharat Ratna Shri Atal Bihari Vajpayee Ekana Cricket Stadium, Lucknow",1,614,1,"field",1,NULL,6,"win",6880
1473508,2025,6,"New Chandigarh","2025-05-29","Indian Premier League",NULL,"male","T20","T20",20,"2025","club","Maharaja Yadavindra Singh International Cricket Stadium, Mullanpur",1,494,1,"field",1,NULL,8,"win",8475
1473509,2025,6,"New Chandigarh","2025-05-30","Indian Premier League",NULL,"male","T20","T20",20,"2025","club","Maharaja Yadavindra Singh International Cricket Stadium, New Chandigarh",3,3,615,"bat",3,20,NULL,"win",25
1473510,2025,6,"Ahmedabad","2025-06-01","Indian Premier League",NULL,"male","T20","T20",20,"2025","club","Narendra Modi Stadium, Ahmedabad",494,3,494,"field",494,NULL,5,"win",389
1473511,2025,6,"Ahmedabad","2025-06-03","Indian Premier League",NULL,"male","T20","T20",20,"2025","club","Narendra Modi Stadium, Ahmedabad",494,1,494,"field",1,6,NULL,"win",28
1485779,2025,6,"Jaipur","2025-05-24","Indian Premier League",66,"male","T20","T20",20,"2025","club","Sawai Mansingh Stadium, Jaipur",252,494,252,"field",252,NULL,6,"win",10070
1527674,2026,6,"Bengaluru","2026-03-28","Indian Premier League",1,"male","T20","T20",20,"2026","club","M Chinnaswamy Stadium, Bengaluru",1,2,1,"field",1,NULL,6,"win",43967
1527675,2026,6,"Mumbai","2026-03-29","Indian Premier League",2,"male","T20","T20",20,"2026","club","Wankhede Stadium, Mumbai",3,6,3,"field",3,NULL,6,"win",360
1527676,2026,6,"Guwahati","2026-03-30","Indian Premier League",3,"male","T20","T20",20,"2026","club","Barsapara Cricket Stadium, Guwahati",134,129,134,"field",134,NULL,8,"win",10135
1527677,2026,6,"New Chandigarh","2026-03-31","Indian Premier League",4,"male","T20","T20",20,"2026","club","Maharaja Yadavindra Singh International Cricket Stadium, New Chandigarh",494,615,494,"field",494,NULL,3,"win",44041
1527678,2026,6,"Lucknow","2026-04-01","Indian Premier League",5,"male","T20","T20",20,"2026","club","Bharat Ratna Shri Atal Bihari Vajpayee Ekana Cricket Stadium, Lucknow",252,614,252,"field",252,NULL,6,"win",10070
1527679,2026,6,"Kolkata","2026-04-02","Indian Premier League",6,"male","T20","T20",20,"2026","club","Eden Gardens, Kolkata",6,2,6,"field",2,65,NULL,"win",9824
1527680,2026,6,"Chennai","2026-04-03","Indian Premier League",7,"male","T20","T20",20,"2026","club","MA Chidambaram Stadium, Chepauk, Chennai",494,129,494,"field",494,NULL,5,"win",11847
1527681,2026,6,"Delhi","2026-04-04","Indian Premier League",8,"male","T20","T20",20,"2026","club","Arun Jaitley Stadium, Delhi",252,3,252,"field",252,NULL,6,"win",10070
1527682,2026,6,"Ahmedabad","2026-04-04","Indian Premier League",9,"male","T20","T20",20,"2026","club","Narendra Modi Stadium, Ahmedabad",134,134,615,"bat",134,6,NULL,"win",4059
1527683,2026,6,"Hyderabad","2026-04-05","Indian Premier League",10,"male","T20","T20",20,"2026","club","Rajiv Gandhi International Stadium, Uppal, Hyderabad",614,2,614,"field",614,NULL,5,"win",460
1527684,2026,6,"Bengaluru","2026-04-05","Indian Premier League",11,"male","T20","T20",20,"2026","club","M Chinnaswamy Stadium, Bengaluru",129,1,129,"field",1,43,NULL,"win",6550
1527685,2026,6,"Kolkata","2026-04-06","Indian Premier League",12,"male","T20","T20",20,"2026","club","Eden Gardens, Kolkata",6,6,494,"bat",494,NULL,NULL,"no result",NULL
1527686,2026,6,"Guwahati","2026-04-07","Indian Premier League",13,"male","T20","T20",20,"2026","club","Barsapara Cricket Stadium, Guwahati",3,134,3,"field",134,27,NULL,"win",4104
1527687,2026,6,"Delhi","2026-04-08","Indian Premier League",14,"male","T20","T20",20,"2026","club","Arun Jaitley Stadium, Delhi",252,615,252,"field",615,1,NULL,"win",22
